frame_idx,timestamp_s,accepted,source,pose_count,keyframe_count,map_point_count,pnp_inliers,reprojection_rmse_px,tracking_lost
0,1520439642.0520737,1,init,2,2,257,,,0
18,1520439642.9521396,1,init,2,2,257,,,0
19,1520439643.0021405,1,local,3,2,257,166,1.036016821861267,0
20,1520439643.0521424,1,local,4,2,257,160,0.9175282716751099,0
21,1520439643.1021447,1,local,5,2,257,163,0.8870627284049988,0
22,1520439643.1521313,1,local,6,3,570,157,1.0072956085205078,0
23,1520439643.2021325,1,local,7,3,570,273,0.9282680749893188,0
24,1520439643.2521346,1,local,8,3,557,273,0.9936681985855103,0
25,1520439643.3021355,1,local,9,3,557,219,0.945030152797699,0
26,1520439643.3521376,1,local,10,4,765,177,0.9629610776901245,0
27,1520439643.4021385,1,local,11,4,765,231,1.0107513666152954,0
28,1520439643.4521403,1,local,12,4,739,201,1.0130772590637207,0
29,1520439643.5021427,1,local,13,4,739,218,1.1088992357254028,0
30,1520439643.5521626,1,local,14,4,739,209,1.0860127210617065,0
31,1520439643.6021636,1,local,15,5,973,174,1.1255053281784058,0
32,1520439643.6521657,1,local,16,5,936,250,1.0440852642059326,0
33,1520439643.7021677,1,local,17,5,936,213,1.0735909938812256,0
34,1520439643.7521687,1,local,18,5,936,207,1.1202659606933594,0
35,1520439643.8021708,1,local,19,6,1289,201,1.047149896621704,0
36,1520439643.8521717,1,local,20,6,1289,295,0.9940347075462341,0
37,1520439643.9021738,1,local,21,6,1262,277,1.1155446767807007,0
38,1520439643.9521747,1,local,22,6,1262,265,1.1750903129577637,0
39,1520439644.002181,1,local,23,7,1537,209,1.1797404289245605,0
40,1520439644.052182,1,local,24,7,1537,261,1.0617055892944336,0
41,1520439644.1021838,1,local,25,7,1495,235,1.1510244607925415,0
42,1520439644.152185,1,local,26,7,1495,221,1.1891576051712036,0
43,1520439644.2021868,1,local,27,8,1904,213,1.1526752710342407,0
44,1520439644.2521887,1,local,28,8,1904,327,0.997485876083374,0
45,1520439644.3021898,1,local,29,8,1850,298,1.1834200620651245,0
46,1520439644.352192,1,local,30,8,1850,257,1.1471679210662842,0
47,1520439644.4021866,1,local,31,8,1850,223,1.1747791767120361,0
48,1520439644.4521887,1,local,32,9,2091,227,1.1487460136413574,0
49,1520439644.5021896,1,local,33,9,2010,254,1.1339383125305176,0
50,1520439644.5521915,1,local,34,9,2010,261,1.1314771175384521,0
51,1520439644.6021926,1,local,35,9,2010,241,1.1371827125549316,0
52,1520439644.6521947,1,local,36,10,2176,213,1.1605055332183838,0
53,1520439644.7021966,1,local,37,10,2176,224,1.1116414070129395,0
54,1520439644.7521977,1,local,38,10,2128,192,1.1043912172317505,0
55,1520439644.802233,1,local,39,10,2128,187,1.1013579368591309,0
56,1520439644.852234,1,local,40,10,2128,155,1.1727572679519653,0
57,1520439644.9022357,1,local,41,11,2298,153,1.1241297721862793,0
58,1520439644.9522378,1,local,42,11,2250,216,1.0481079816818237,0
59,1520439645.0022388,1,local,43,11,2250,206,1.1205856800079346,0
60,1520439645.0522408,1,local,44,11,2250,200,1.0854805707931519,0
61,1520439645.102243,1,local,45,11,2250,204,1.1012892723083496,0
62,1520439645.1522458,1,local,46,11,2250,209,1.087881088256836,0
63,1520439645.2022712,1,local,47,11,2237,239,1.1118227243423462,0
64,1520439645.2522736,1,local,48,11,2237,251,1.1218267679214478,0
65,1520439645.3022754,1,local,49,12,2426,259,1.1085777282714844,0
66,1520439645.3523765,1,local,50,12,2426,296,1.007591962814331,0
67,1520439645.4022784,1,local,51,12,2426,267,1.0334961414337158,0
68,1520439645.4522793,1,local,52,12,2426,270,1.0940659046173096,0
69,1520439645.5022814,1,local,53,12,2426,246,1.1165730953216553,0
70,1520439645.5522826,1,local,54,13,2656,219,1.1839252710342407,0
71,1520439645.6022477,1,local,55,13,2616,294,1.1294751167297363,0
72,1520439645.6522486,1,local,56,13,2616,277,1.1343536376953125,0
73,1520439645.702251,1,local,57,13,2616,278,1.1432229280471802,0
74,1520439645.7522516,1,local,58,14,2843,273,1.1445837020874023,0
75,1520439645.8022537,1,local,59,14,2843,302,1.1208553314208984,0
76,1520439645.8522558,1,local,60,14,2780,325,1.109606146812439,0
77,1520439645.9022567,1,local,61,14,2780,374,1.0636214017868042,0
78,1520439645.9522588,1,local,62,15,2955,348,1.1357080936431885,0
79,1520439646.0022807,1,local,63,15,2955,297,1.051663875579834,0
80,1520439646.0522828,1,local,64,15,2880,278,1.1284598112106323,0
81,1520439646.102284,1,local,65,15,2880,276,1.1001665592193604,0
82,1520439646.1522858,1,local,66,16,3019,247,1.1459883451461792,0
83,1520439646.2022877,1,local,67,16,2999,264,1.1452019214630127,0
84,1520439646.2522888,1,local,68,16,2904,216,1.1536616086959839,0
85,1520439646.3022919,1,local,69,16,2876,177,1.1581861972808838,0
86,1520439646.3522916,1,local,70,17,2965,149,1.1051075458526611,0
87,1520439646.402294,1,local,71,17,2955,169,1.0829867124557495,0
88,1520439646.4521778,1,local,72,17,2905,148,1.1021230220794678,0
89,1520439646.502179,1,local,73,17,2893,110,1.1777100563049316,0
90,1520439646.5521808,1,local,74,18,3001,120,1.186686396598816,0
91,1520439646.602182,1,local,75,18,2983,129,1.079122543334961,0
92,1520439646.652184,1,local,76,18,2922,122,1.1217238903045654,0
93,1520439646.702185,1,local,77,18,2906,111,1.1257078647613525,0
94,1520439646.752187,1,local,78,19,3062,102,1.1385149955749512,0
95,1520439646.8021889,1,local,79,19,3053,150,1.07481849193573,0
96,1520439646.8521612,1,local,80,19,3002,141,1.1202470064163208,0
97,1520439646.9021592,1,local,81,19,2993,122,1.231317162513733,0
98,1520439646.9522452,1,local,82,20,3157,110,1.226009726524353,0
99,1520439647.0021634,1,local,83,20,3147,164,1.053890347480774,0
100,1520439647.052164,1,local,84,20,3107,138,1.0528815984725952,0
101,1520439647.1021662,1,local,85,20,3099,123,1.1918531656265259,0
102,1520439647.1521673,1,local,86,20,3091,119,1.156617283821106,0
103,1520439647.2021692,1,local,87,21,3209,116,1.2810578346252441,0
104,1520439647.2521424,1,local,88,21,3175,144,1.1028004884719849,0
105,1520439647.3021445,1,local,89,21,3161,112,1.12998366355896,0
106,1520439647.3521454,1,local,90,21,3152,95,1.1667828559875488,0
107,1520439647.4021475,1,local,91,21,3144,103,1.217264175415039,0
108,1520439647.4521496,1,local,92,22,3285,75,1.1437116861343384,0
109,1520439647.5021505,1,local,93,22,3258,111,1.1361911296844482,0
110,1520439647.5521524,1,local,94,22,3245,116,1.0287079811096191,0
111,1520439647.6021545,1,local,95,22,3232,101,1.038857102394104,0
112,1520439647.6521492,1,local,96,22,3221,111,1.0641446113586426,0
113,1520439647.7021503,1,local,97,22,3207,100,1.17991304397583,0
114,1520439647.7521522,1,local,98,22,3166,81,1.1397178173065186,0
115,1520439647.802154,1,local,99,23,3314,89,1.1428548097610474,0
116,1520439647.8521552,1,local,100,23,3309,145,1.0903874635696411,0
117,1520439647.902157,1,local,101,23,3303,129,1.1289591789245605,0
118,1520439647.9521592,1,local,102,23,3292,121,1.0934686660766602,0
119,1520439648.0021613,1,local,103,23,3284,108,1.2000226974487305,0
120,1520439648.0521562,1,local,104,23,3279,97,1.1349483728408813,0
121,1520439648.1021585,1,local,105,23,3244,105,1.2135217189788818,0
122,1520439648.1521592,1,local,106,24,3380,101,1.1192046403884888,0
123,1520439648.2021613,1,local,107,24,3364,147,1.0048450231552124,0
124,1520439648.2521625,1,local,108,24,3337,121,1.093347191810608,0
125,1520439648.3021634,1,local,109,24,3307,118,1.0654360055923462,0
126,1520439648.3521662,1,local,110,24,3247,112,1.0455451011657715,0
127,1520439648.4021673,1,local,111,24,3207,113,1.049951195716858,0
128,1520439648.4521775,1,local,112,24,3163,110,1.0550429821014404,0
129,1520439648.5021784,1,local,113,25,3221,97,1.0076419115066528,0
130,1520439648.5522435,1,local,114,25,3181,140,1.0434106588363647,0
131,1520439648.6021824,1,local,115,25,3121,129,1.038249135017395,0
132,1520439648.6521833,1,local,116,25,3047,129,1.1463348865509033,0
133,1520439648.7021856,1,local,117,26,3151,125,1.1998144388198853,0
134,1520439648.7521865,1,local,118,26,3065,150,1.1306895017623901,0
135,1520439648.8021884,1,local,119,26,2947,138,1.0897002220153809,0
136,1520439648.8521895,1,local,120,26,2840,141,1.0994930267333984,0
137,1520439648.9022033,1,local,121,27,2777,122,1.183362603187561,0
138,1520439648.9522045,1,local,122,27,2635,127,1.199588418006897,0
139,1520439649.0022063,1,local,123,27,2390,119,1.2058459520339966,0
140,1520439649.0522082,1,local,124,27,2275,140,1.1410187482833862,0
141,1520439649.1022093,1,local,125,28,2236,157,1.0916179418563843,0
142,1520439649.1522112,1,local,126,28,2133,164,1.147411584854126,0
143,1520439649.202212,1,local,127,28,1974,158,1.1284698247909546,0
144,1520439649.2522144,1,local,128,28,1881,155,1.1510653495788574,0
145,1520439649.3022141,1,local,129,29,1891,142,1.1779751777648926,0
146,1520439649.3522165,1,local,130,29,1822,159,1.1748713254928589,0
147,1520439649.4022174,1,local,131,29,1727,165,1.2031495571136475,0
148,1520439649.4522192,1,local,132,29,1689,155,1.214389443397522,0
149,1520439649.5022213,1,local,133,30,1760,143,1.1887085437774658,0
150,1520439649.5522223,1,local,134,30,1732,150,1.1034469604492188,0
151,1520439649.602224,1,local,135,30,1663,127,1.2616336345672607,0
152,1520439649.6522253,1,local,136,30,1650,120,1.0870469808578491,0
153,1520439649.7021983,1,local,137,31,1728,117,1.2183136940002441,0
154,1520439649.7522004,1,local,138,31,1709,128,1.1206315755844116,0
155,1520439649.8022022,1,local,139,31,1661,113,1.0833007097244263,0
156,1520439649.8522034,1,local,140,31,1645,96,1.1947991847991943,0
157,1520439649.9022043,1,local,141,32,1775,86,1.2662543058395386,0
158,1520439649.9522061,1,local,142,32,1768,124,1.0946383476257324,0
159,1520439650.0022073,1,local,143,32,1740,92,1.1344802379608154,0
160,1520439650.0522091,1,local,144,32,1734,81,1.1759074926376343,0
161,1520439650.1022406,1,local,145,33,1816,80,1.2801657915115356,0
162,1520439650.1522865,1,local,146,33,1812,98,1.110317587852478,0
163,1520439650.2022445,1,local,147,33,1771,63,1.1175956726074219,0
164,1520439650.2522457,1,local,148,33,1762,50,1.3343348503112793,0
165,1520439650.3022475,1,local,149,34,1843,44,1.3225452899932861,0
166,1520439650.3522487,1,local,150,34,1839,52,1.112203598022461,0
167,1520439650.4022505,1,local,151,34,1818,26,1.238069772720337,0
168,1520439650.4522514,1,local,152,34,1813,51,1.2728989124298096,0
169,1520439650.502338,1,local,153,35,1888,41,1.3268747329711914,0
170,1520439650.5523398,1,local,154,35,1888,76,1.1431413888931274,0
171,1520439650.602341,1,local,155,35,1849,72,1.1744804382324219,0
172,1520439650.6523428,1,local,156,35,1848,56,1.193293571472168,0
173,1520439650.7023437,1,local,157,36,1961,38,1.155720591545105,0
174,1520439650.752346,1,local,158,36,1958,98,1.055248737335205,0
175,1520439650.802347,1,local,159,36,1948,98,1.1104249954223633,0
176,1520439650.8523488,1,local,160,36,1942,86,1.2783108949661255,0
177,1520439650.90235,1,local,161,36,1934,70,1.3445508480072021,0
178,1520439650.952383,1,local,162,37,2060,57,1.2940313816070557,0
179,1520439651.0023842,1,local,163,37,2036,123,1.0470991134643555,0
180,1520439651.052386,1,local,164,37,2030,120,1.1567703485488892,0
181,1520439651.1023881,1,local,165,37,2027,110,1.1655009984970093,0
182,1520439651.1523902,1,local,166,37,2020,103,1.2364658117294312,0
183,1520439651.2023911,1,local,167,37,2011,105,1.182212471961975,0
184,1520439651.252393,1,local,168,37,1988,89,1.0769262313842773,0
185,1520439651.3023942,1,local,169,37,1977,103,1.1782581806182861,0
186,1520439651.352414,1,local,170,37,1965,103,1.2401043176651,0
187,1520439651.4024158,1,local,171,37,1950,92,1.176672339439392,0
188,1520439651.4524167,1,local,172,37,1930,92,1.2223116159439087,0
189,1520439651.5024178,1,local,173,37,1914,73,1.252175211906433,0
190,1520439651.5524197,1,local,174,37,1897,64,1.4180805683135986,0
191,1520439651.6024215,1,local,175,37,1879,81,1.244950294494629,0
192,1520439651.6524227,1,local,176,37,1859,73,1.255713939666748,0
193,1520439651.7024236,1,local,177,38,1923,71,1.2664192914962769,0
194,1520439651.7523866,1,local,178,38,1884,83,1.332041621208191,0
195,1520439651.8023705,1,local,179,38,1846,96,1.0893584489822388,0
196,1520439651.8523715,1,local,180,38,1804,101,1.2789576053619385,0
197,1520439651.9023738,1,local,181,38,1764,103,1.199515461921692,0
198,1520439651.9523747,1,local,182,38,1719,102,1.3155584335327148,0
199,1520439652.0023766,1,local,183,39,1740,116,1.1569710969924927,0
200,1520439652.0523777,1,local,184,39,1690,154,1.1182081699371338,0
201,1520439652.1023796,1,local,185,39,1659,156,1.1935700178146362,0
202,1520439652.1523657,1,local,186,39,1612,144,1.2032175064086914,0
203,1520439652.2023675,1,local,187,39,1561,140,1.2128328084945679,0
204,1520439652.2523696,1,local,188,40,1658,135,1.2141293287277222,0
205,1520439652.3023705,1,local,189,40,1589,187,1.0220966339111328,0
206,1520439652.3523726,1,local,190,40,1543,156,1.1849489212036133,0
207,1520439652.4023738,1,local,191,40,1500,165,1.067560076713562,0
208,1520439652.4523757,1,local,192,41,1540,177,1.0458422899246216,0
209,1520439652.5023768,1,local,193,41,1520,128,1.0677601099014282,0
210,1520439652.5523124,1,local,194,41,1434,123,0.9981772899627686,0
211,1520439652.6023133,1,local,195,41,1415,100,1.0706170797348022,0
212,1520439652.6523154,1,local,196,42,1484,105,1.1345140933990479,0
213,1520439652.7023184,1,local,197,42,1470,116,1.068527102470398,0
214,1520439652.7523186,1,local,198,42,1422,112,1.1829547882080078,0
215,1520439652.8023205,1,local,199,42,1418,88,1.1453309059143066,0
216,1520439652.8523223,1,local,200,43,1516,77,1.3217626810073853,0
217,1520439652.9023242,1,local,201,43,1514,107,1.1392803192138672,0
218,1520439652.95229,1,local,202,43,1490,99,1.1816850900650024,0
219,1520439653.002291,1,local,203,43,1484,77,1.226554274559021,0
220,1520439653.0522933,1,local,204,44,1548,70,1.1817522048950195,0
221,1520439653.1022942,1,local,205,44,1538,83,1.2420122623443604,0
222,1520439653.152296,1,local,206,44,1505,53,1.1068525314331055,0
223,1520439653.2022982,1,local,207,44,1500,64,1.1133564710617065,0
224,1520439653.252299,1,local,208,44,1496,72,1.2407413721084595,0
225,1520439653.3023002,1,local,209,44,1490,51,1.2288004159927368,0
226,1520439653.352302,1,local,210,45,1545,51,1.2172428369522095,0
227,1520439653.4024184,1,local,211,45,1542,76,1.0856857299804688,0
228,1520439653.4524205,1,local,212,45,1541,78,1.1525441408157349,0
229,1520439653.5024223,1,local,213,45,1537,76,1.1292774677276611,0
230,1520439653.5524232,1,local,214,45,1531,72,1.1234389543533325,0
231,1520439653.6024253,1,local,215,45,1525,61,1.1202003955841064,0
232,1520439653.6524262,1,local,216,45,1513,62,1.0209540128707886,0
233,1520439653.7024283,1,local,217,45,1508,66,1.1147992610931396,0
234,1520439653.7524295,1,local,218,45,1500,52,1.1166640520095825,0
235,1520439653.8025,1,local,219,46,1589,50,1.2711501121520996,0
236,1520439653.8525019,1,local,220,46,1577,95,1.162086009979248,0
237,1520439653.9025028,1,local,221,46,1565,91,1.1958603858947754,0
238,1520439653.9525049,1,local,222,46,1559,71,1.1937360763549805,0
239,1520439654.0025058,1,local,223,46,1555,74,1.127341628074646,0
240,1520439654.0525076,1,local,224,46,1549,68,1.2094451189041138,0
241,1520439654.10251,1,local,225,46,1532,58,1.262912392616272,0
242,1520439654.152511,1,local,226,47,1637,39,1.2957829236984253,0
243,1520439654.202495,1,local,227,47,1630,89,1.1208685636520386,0
244,1520439654.2524972,1,local,228,47,1621,84,1.0818411111831665,0
245,1520439654.302499,1,local,229,47,1609,69,1.1574612855911255,0
246,1520439654.3525012,1,local,230,47,1593,66,1.2694307565689087,0
247,1520439654.4025023,1,local,231,47,1573,54,1.3057349920272827,0
248,1520439654.4525042,1,local,232,48,1608,54,1.2063961029052734,0
249,1520439654.502505,1,local,233,48,1585,63,1.140291690826416,0
250,1520439654.5525072,1,local,234,48,1564,59,1.125217318534851,0
251,1520439654.6024323,1,local,235,48,1551,59,1.2333695888519287,0
252,1520439654.6524332,1,local,236,48,1533,43,1.2388741970062256,0
253,1520439654.7024343,1,local,237,48,1518,41,1.271169900894165,0
254,1520439654.7524364,1,local,238,49,1566,40,1.3065911531448364,0
255,1520439654.8024373,1,local,239,49,1559,62,1.2723116874694824,0
256,1520439654.8524394,1,local,240,49,1546,62,1.1326324939727783,0
257,1520439654.9024413,1,local,241,49,1526,59,1.2847185134887695,0
258,1520439654.9524431,1,local,242,50,1602,62,1.192198634147644,0
259,1520439655.0023637,1,local,243,50,1581,93,1.1081984043121338,0
260,1520439655.0523658,1,local,244,50,1532,96,1.1654293537139893,0
261,1520439655.1023679,1,local,245,50,1492,82,1.285803198814392,0
262,1520439655.1523688,1,local,246,51,1554,83,1.247512698173523,0
263,1520439655.2023706,1,local,247,51,1504,110,1.1779229640960693,0
264,1520439655.2523718,1,local,248,51,1439,89,1.2147457599639893,0
265,1520439655.3023736,1,local,249,51,1394,76,1.276858925819397,0
266,1520439655.3523746,1,local,250,52,1438,77,1.261721134185791,0
267,1520439655.402377,1,local,251,52,1389,101,1.1939873695373535,0
268,1520439655.4523077,1,local,252,52,1310,94,1.1703717708587646,0
269,1520439655.5023086,1,local,253,52,1266,75,1.3593254089355469,0
270,1520439655.5523107,1,local,254,53,1320,58,1.2970982789993286,0
271,1520439655.6023118,1,local,255,53,1288,88,1.1263172626495361,0
272,1520439655.6523137,1,local,256,53,1232,91,1.175663709640503,0
273,1520439655.7023146,1,local,257,53,1202,81,1.1727101802825928,0
274,1520439655.7523167,1,local,258,54,1319,52,1.376294493675232,0
275,1520439655.8023176,1,local,259,54,1297,87,1.1797410249710083,0
276,1520439655.8523393,1,local,260,54,1259,73,1.1480934619903564,0
277,1520439655.9023411,1,local,261,54,1244,74,1.238987922668457,0
278,1520439655.9523432,1,local,262,55,1305,51,1.2538292407989502,0
279,1520439656.0023444,1,local,263,55,1289,56,1.159958839416504,0
280,1520439656.0523462,1,local,264,55,1240,51,1.1291043758392334,0
281,1520439656.102348,1,local,265,55,1228,55,1.2216761112213135,0
282,1520439656.1523492,1,local,266,56,1302,42,1.3162819147109985,0
283,1520439656.202351,1,local,267,56,1294,82,1.0326249599456787,0
284,1520439656.252374,1,local,268,56,1267,79,1.1186952590942383,0
285,1520439656.302375,1,local,269,56,1260,87,1.1666293144226074,0
286,1520439656.352377,1,local,270,57,1429,84,1.1618965864181519,0
287,1520439656.40238,1,local,271,57,1422,148,1.0890666246414185,0
288,1520439656.45238,1,local,272,57,1409,145,1.0972477197647095,0
289,1520439656.5023818,1,local,273,57,1403,129,1.1528143882751465,0
290,1520439656.5523827,1,local,274,58,1567,106,1.1832515001296997,0
291,1520439656.6024878,1,local,275,58,1560,179,1.0858681201934814,0
292,1520439656.652279,1,local,276,58,1531,130,1.1174321174621582,0
293,1520439656.7022808,1,local,277,58,1529,126,1.226101040840149,0
294,1520439656.7522817,1,local,278,59,1643,105,1.2439054250717163,0
295,1520439656.8022838,1,local,279,59,1638,138,1.1401749849319458,0
296,1520439656.8522847,1,local,280,59,1597,110,1.2424424886703491,0
297,1520439656.9022868,1,local,281,59,1591,106,1.155714750289917,0
298,1520439656.952288,1,local,282,60,1689,88,1.241582989692688,0
299,1520439657.0022898,1,local,283,60,1680,119,1.1102712154388428,0
300,1520439657.052305,1,local,284,60,1629,113,1.1398777961730957,0
301,1520439657.102306,1,local,285,60,1621,100,1.1636766195297241,0
302,1520439657.152308,1,local,286,61,1703,93,1.2629637718200684,0
303,1520439657.202309,1,local,287,61,1696,114,1.098738193511963,0
304,1520439657.2523112,1,local,288,61,1670,112,1.1278375387191772,0
305,1520439657.3023121,1,local,289,61,1658,96,1.105928659439087,0
306,1520439657.352314,1,local,290,62,1713,91,1.2282975912094116,0
307,1520439657.4023151,1,local,291,62,1699,110,1.1615874767303467,0
308,1520439657.452415,1,local,292,62,1666,103,1.2155160903930664,0
309,1520439657.502417,1,local,293,62,1657,108,1.0974308252334595,0
310,1520439657.552419,1,local,294,63,1748,106,1.1308344602584839,0
311,1520439657.60242,1,local,295,63,1736,112,1.1269625425338745,0
312,1520439657.652422,1,local,296,63,1704,117,1.1200871467590332,0
313,1520439657.7024229,1,local,297,63,1692,112,1.1180247068405151,0
314,1520439657.752425,1,local,298,64,1764,88,1.2904953956604004,0
315,1520439657.802427,1,local,299,64,1758,119,1.165921926498413,0
316,1520439657.852428,1,local,300,64,1717,97,1.172385573387146,0
317,1520439657.902512,1,local,301,64,1709,114,1.1558562517166138,0
318,1520439657.952514,1,local,302,65,1765,103,1.1621450185775757,0
319,1520439658.002515,1,local,303,65,1751,112,1.1866909265518188,0
320,1520439658.052517,1,local,304,65,1712,113,1.2391822338104248,0
321,1520439658.1025178,1,local,305,65,1697,102,1.199376106262207,0
322,1520439658.15252,1,local,306,66,1783,92,1.198255181312561,0
323,1520439658.202599,1,local,307,66,1768,118,1.0500421524047852,0
324,1520439658.252523,1,local,308,66,1746,125,1.100306510925293,0
325,1520439658.3025715,1,local,309,66,1728,117,1.1868457794189453,0
326,1520439658.3525727,1,local,310,67,1832,131,1.0963375568389893,0
327,1520439658.4025748,1,local,311,67,1815,147,1.1088671684265137,0
328,1520439658.452576,1,local,312,67,1785,133,1.1204111576080322,0
329,1520439658.5025778,1,local,313,67,1770,129,1.1643396615982056,0
330,1520439658.5525787,1,local,314,68,1872,123,1.259783387184143,0
331,1520439658.6025808,1,local,315,68,1867,132,1.1505450010299683,0
332,1520439658.6525826,1,local,316,68,1825,135,1.1463481187820435,0
333,1520439658.7024841,1,local,317,68,1816,116,1.219865322113037,0
334,1520439658.752486,1,local,318,69,1899,125,1.205622911453247,0
335,1520439658.8024871,1,local,319,69,1893,163,1.1405476331710815,0
336,1520439658.852489,1,local,320,69,1829,123,1.2945125102996826,0
337,1520439658.90249,1,local,321,69,1817,135,1.2308669090270996,0
338,1520439658.9524922,1,local,322,70,1903,160,1.1720410585403442,0
339,1520439659.002493,1,local,323,70,1898,145,1.164449691772461,0
340,1520439659.052495,1,local,324,70,1850,142,1.1942799091339111,0
341,1520439659.1024115,1,local,325,70,1839,143,1.113905429840088,0
342,1520439659.1524136,1,local,326,71,1969,147,1.134605884552002,0
343,1520439659.2024148,1,local,327,71,1961,190,1.0893423557281494,0
344,1520439659.2524166,1,local,328,71,1922,201,1.1276682615280151,0
345,1520439659.3024175,1,local,329,71,1918,188,1.1347956657409668,0
346,1520439659.3524196,1,local,330,71,1914,181,1.158224105834961,0
347,1520439659.4024205,1,local,331,72,2020,134,1.1671345233917236,0
348,1520439659.4524236,1,local,332,72,1977,142,1.164825439453125,0
349,1520439659.5024211,1,local,333,72,1971,149,1.102089762687683,0
350,1520439659.552423,1,local,334,72,1966,156,1.0546495914459229,0
351,1520439659.6024249,1,local,335,73,2048,127,1.2042888402938843,0
352,1520439659.652426,1,local,336,73,2032,130,1.1513274908065796,0
353,1520439659.702428,1,local,337,73,1996,99,1.2418386936187744,0
354,1520439659.752429,1,local,338,73,1987,64,1.2286869287490845,0
355,1520439659.80248,1,local,339,74,2043,58,1.405933141708374,0
356,1520439659.852432,1,local,340,74,2030,63,1.2385914325714111,0
357,1520439659.9024868,1,local,341,74,1968,53,1.194509506225586,0
358,1520439659.952488,1,local,342,74,1961,52,1.267898678779602,0
359,1520439660.00249,1,local,343,75,2033,42,1.257148265838623,0
360,1520439660.0524912,1,local,344,75,2025,69,1.2084707021713257,0
361,1520439660.102493,1,local,345,75,1994,74,1.052127718925476,0
362,1520439660.152494,1,local,346,75,1985,53,1.1785627603530884,0
363,1520439660.202496,1,local,347,76,2124,54,1.2961053848266602,0
364,1520439660.252498,1,local,348,76,2116,105,1.0949862003326416,0
365,1520439660.3024988,1,local,349,76,2086,105,1.0332199335098267,0
366,1520439660.3524406,1,local,350,76,2079,79,1.0174366235733032,0
367,1520439660.4024417,1,local,351,77,2168,69,1.1532028913497925,0
368,1520439660.4524438,1,local,352,77,2153,106,1.1225630044937134,0
369,1520439660.5024457,1,local,353,77,2109,91,1.1498103141784668,0
370,1520439660.5524468,1,local,354,77,2093,66,1.055017113685608,0
371,1520439660.6024477,1,local,355,78,2173,51,1.2414664030075073,0
372,1520439660.6524498,1,local,356,78,2159,92,1.0605173110961914,0
373,1520439660.7024517,1,local,357,78,2118,75,1.0892142057418823,0
374,1520439660.7525167,1,local,358,78,2097,68,1.160005807876587,0
375,1520439660.802518,1,local,359,79,2160,59,1.2131308317184448,0
376,1520439660.8525198,1,local,360,79,2134,70,1.111572027206421,0
377,1520439660.9025207,1,local,361,79,2106,53,1.2347044944763184,0
378,1520439660.9525228,1,local,362,79,2094,38,1.1010537147521973,0
379,1520439661.0025249,1,local,363,80,2109,26,1.1683398485183716,0
380,1520439661.0525258,1,local,364,80,2089,21,1.118006944656372,0
381,1520439661.1025279,1,essential-fallback,365,80,2089,,,0
382,1520439661.1527543,1,essential-fallback,366,80,2089,,,0
383,1520439661.2027564,1,essential-fallback,367,80,2121,,,0
384,1520439661.2527573,1,local,368,81,2104,23,1.0175540447235107,0
385,1520439661.3027582,1,local,369,81,2085,26,1.2899352312088013,0
386,1520439661.3527603,1,local,370,81,2069,26,1.089092493057251,0
387,1520439661.4027843,1,local,371,81,2062,24,1.1734964847564697,0
388,1520439661.4527633,1,local,372,82,2083,21,1.3735697269439697,0
389,1520439661.5027654,1,local,373,82,2065,43,1.0918785333633423,0
390,1520439661.5530334,1,local,374,82,2027,31,1.2669150829315186,0
391,1520439661.6030352,1,local,375,82,2007,33,1.2718991041183472,0
392,1520439661.6530364,1,local,376,83,2002,26,1.2211015224456787,0
393,1520439661.7030382,1,local,377,83,1962,23,1.2847651243209839,0
394,1520439661.7530391,1,local,378,83,1899,29,1.248650074005127,0
395,1520439661.8030415,1,local,379,83,1863,25,1.2553577423095703,0
396,1520439661.8530433,1,local,380,84,1844,20,1.0446245670318604,0
397,1520439661.9030442,1,local,381,84,1800,35,1.0895801782608032,0
398,1520439661.9528363,1,local,382,84,1739,36,1.109580159187317,0
399,1520439662.0028372,1,local,383,84,1686,32,1.2241486310958862,0
400,1520439662.0528393,1,local,384,85,1669,32,1.2920303344726562,0
401,1520439662.1028402,1,local,385,85,1625,51,1.0394195318222046,0
402,1520439662.152842,1,local,386,85,1564,51,1.2767781019210815,0
403,1520439662.2028432,1,local,387,85,1527,40,1.2371902465820312,0
404,1520439662.252845,1,local,388,86,1544,54,1.1713411808013916,0
405,1520439662.3028471,1,local,389,86,1522,65,1.1742900609970093,0
406,1520439662.3526278,1,local,390,86,1477,61,1.1625714302062988,0
407,1520439662.4026296,1,local,391,86,1445,56,1.3304630517959595,0
408,1520439662.4526317,1,local,392,87,1438,54,1.259608507156372,0
409,1520439662.5026329,1,local,393,87,1395,64,1.131765365600586,0
410,1520439662.5526338,1,local,394,87,1326,69,1.2526806592941284,0
411,1520439662.6026359,1,local,395,87,1286,54,1.2833001613616943,0
412,1520439662.6526377,1,local,396,88,1307,44,1.1520287990570068,0
413,1520439662.7026398,1,local,397,88,1275,48,1.1285226345062256,0
414,1520439662.752641,1,local,398,88,1231,40,1.1045081615447998,0
415,1520439662.8026564,1,local,399,88,1184,45,1.2134867906570435,0
416,1520439662.8526573,1,local,400,89,1161,45,1.2732410430908203,0
417,1520439662.9026594,1,local,401,89,1118,50,1.1779005527496338,0
418,1520439662.9526603,1,local,402,89,1056,44,1.049841284751892,0
419,1520439663.0026622,1,local,403,89,1032,52,1.2154263257980347,0
420,1520439663.0526633,1,local,404,90,1039,42,1.1114076375961304,0
421,1520439663.1026654,1,local,405,90,1026,49,1.0813701152801514,0
422,1520439663.152666,1,local,406,90,1002,50,1.1549301147460938,0
423,1520439663.2028782,1,local,407,90,989,47,1.1752578020095825,0
424,1520439663.2528791,1,local,408,91,1009,54,1.3376137018203735,0
425,1520439663.3028815,1,local,409,91,992,67,1.2125555276870728,0
426,1520439663.3528824,1,local,410,91,974,53,1.1066036224365234,0
427,1520439663.4028842,1,local,411,91,956,54,1.1229890584945679,0
428,1520439663.4528863,1,local,412,92,985,44,1.1365069150924683,0
429,1520439663.5028872,1,local,413,92,965,51,1.1143388748168945,0
430,1520439663.552889,1,local,414,92,940,51,1.2730480432510376,0
431,1520439663.6026156,1,local,415,92,923,28,1.1514595746994019,0
432,1520439663.6526175,1,local,416,93,939,29,1.2995998859405518,0
433,1520439663.7026196,1,local,417,93,921,29,1.1397898197174072,0
434,1520439663.7526207,1,local,418,93,887,29,1.1721535921096802,0
435,1520439663.8026226,1,local,419,93,873,28,1.3703813552856445,0
436,1520439663.8526235,1,local,420,94,899,29,1.399800419807434,0
437,1520439663.9026256,1,local,421,94,882,58,1.2054181098937988,0
438,1520439663.9526265,1,local,422,94,853,61,1.2670156955718994,0
439,1520439664.002437,1,local,423,94,840,47,1.1593571901321411,0
440,1520439664.0524395,1,local,424,95,845,50,1.15556001663208,0
441,1520439664.1024404,1,local,425,95,839,56,1.048728108406067,0
442,1520439664.1524422,1,local,426,95,817,48,1.1318336725234985,0
443,1520439664.2024443,1,local,427,95,812,34,1.1318365335464478,0
444,1520439664.2524452,1,local,428,95,809,23,1.1002949476242065,0
445,1520439664.3024464,1,local,429,95,807,24,1.229256510734558,0
446,1520439664.3524485,1,essential-fallback,430,95,807,,,0
447,1520439664.4026022,1,local,431,95,796,26,1.2406456470489502,0
448,1520439664.452604,1,global-relocal,432,95,789,21,1.1112712621688843,0
449,1520439664.5026062,1,local,433,95,781,24,1.230718731880188,0
450,1520439664.552607,1,local,434,95,775,30,1.2394535541534424,0
451,1520439664.602613,1,local,435,95,755,34,1.2595690488815308,0
452,1520439664.65261,1,local,436,96,766,33,1.0263898372650146,0
453,1520439664.7026122,1,local,437,96,758,34,0.9963284730911255,0
454,1520439664.752613,1,local,438,96,749,33,1.1634039878845215,0
455,1520439664.8026152,1,local,439,96,743,33,1.2585548162460327,0
456,1520439664.8529022,1,local,440,97,776,45,1.1439433097839355,0
457,1520439664.9029043,1,local,441,97,770,60,1.1705015897750854,0
458,1520439664.9529054,1,local,442,97,762,53,1.2827494144439697,0
459,1520439665.0029073,1,local,443,97,757,41,1.2563987970352173,0
460,1520439665.0529091,1,local,444,98,794,48,1.2939106225967407,0
461,1520439665.1029103,1,local,445,98,794,51,1.2292739152908325,0
462,1520439665.1529121,1,local,446,98,767,50,1.190587043762207,0
463,1520439665.202913,1,local,447,98,767,34,1.2020679712295532,0
464,1520439665.2526436,1,local,448,99,791,23,1.4406226873397827,0
465,1520439665.3026447,1,local,449,99,790,37,1.1795964241027832,0
466,1520439665.3526468,1,local,450,99,771,29,1.3213138580322266,0
467,1520439665.4026477,1,local,451,99,767,23,1.3370393514633179,0
468,1520439665.4526498,1,essential-fallback,452,99,831,,,0
469,1520439665.5026517,1,local,453,100,871,48,1.2859084606170654,0
470,1520439665.5526526,1,local,454,100,869,68,1.1381428241729736,0
471,1520439665.6026547,1,local,455,100,857,68,1.2232904434204102,0
472,1520439665.6525075,1,local,456,100,854,43,1.2875791788101196,0
473,1520439665.7025084,1,local,457,101,863,29,1.3174519538879395,0
474,1520439665.7525103,1,local,458,101,832,46,1.192886233329773,0
475,1520439665.8025124,1,local,459,101,809,34,1.2513223886489868,0
476,1520439665.8525133,1,local,460,101,800,33,1.1691473722457886,0
477,1520439665.9025145,1,local,461,101,795,27,1.2136043310165405,0
478,1520439665.9525166,1,local,462,101,788,24,1.1202003955841064,0
479,1520439666.0025184,1,essential-fallback,463,101,788,,,0
480,1520439666.0526881,1,local,464,101,772,29,1.1930590867996216,0
481,1520439666.1026893,1,local,465,101,763,29,1.1612077951431274,0
482,1520439666.1526914,1,local,466,101,755,30,1.1109875440597534,0
483,1520439666.2026932,1,local,467,101,744,23,1.1203035116195679,0
484,1520439666.2527874,1,local,468,101,736,32,1.3020458221435547,0
485,1520439666.3026962,1,local,469,102,806,32,1.3807454109191895,0
486,1520439666.3526974,1,local,470,102,800,71,1.1072614192962646,0
487,1520439666.4026995,1,local,471,102,790,56,1.0827995538711548,0
488,1520439666.4529564,1,local,472,102,778,52,1.0821919441223145,0
489,1520439666.5029585,1,local,473,103,847,48,1.1680876016616821,0
490,1520439666.5529597,1,local,474,103,832,87,1.0578159093856812,0
491,1520439666.6029615,1,local,475,103,808,67,1.1644175052642822,0
492,1520439666.6529634,1,local,476,103,796,54,1.143395185470581,0
493,1520439666.7029645,1,local,477,104,902,53,1.2373285293579102,0
494,1520439666.7529664,1,local,478,104,883,102,1.1485700607299805,0
495,1520439666.8029675,1,local,479,104,864,87,1.2891902923583984,0
496,1520439666.8527994,1,local,480,104,859,60,1.2317359447479248,0
497,1520439666.9028003,1,local,481,105,956,48,1.4414798021316528,0
498,1520439666.9528022,1,local,482,105,951,79,1.1257563829421997,0
499,1520439667.0028033,1,local,483,105,925,89,1.144034743309021,0
500,1520439667.0528052,1,local,484,105,923,72,1.1462960243225098,0
501,1520439667.102807,1,local,485,106,1124,74,1.1558488607406616,0
502,1520439667.1528082,1,local,486,106,1120,135,1.1129051446914673,0
503,1520439667.2028103,1,local,487,106,1103,92,1.1496515274047852,0
504,1520439667.2528121,1,local,488,106,1098,65,1.2035233974456787,0
505,1520439667.3026257,1,local,489,106,1090,36,1.0781371593475342,0
506,1520439667.3526278,1,local,490,106,1084,31,1.334587812423706,0
507,1520439667.4026287,1,local,491,106,996,20,1.1440610885620117,0
508,1520439667.4526305,1,essential-fallback,492,106,996,,,0
509,1520439667.5026317,1,local,493,106,994,22,1.3341286182403564,0
510,1520439667.5526338,1,essential-fallback,494,106,994,,,0
511,1520439667.6026347,1,essential-fallback,495,106,994,,,0
512,1520439667.6526368,1,const-vel,496,106,994,,,0
513,1520439667.7030165,1,essential-fallback,497,106,994,,,0
514,1520439667.7530184,1,essential-fallback,498,106,994,,,0
515,1520439667.8030195,1,essential-fallback,499,106,994,,,0
516,1520439667.8530834,1,essential-fallback,500,106,994,,,0
517,1520439667.9030235,1,essential-fallback,501,106,994,,,0
518,1520439667.9530246,1,essential-fallback,502,106,994,,,0
519,1520439668.0030265,1,essential-fallback,503,106,994,,,0
520,1520439668.0530274,1,essential-fallback,504,106,994,,,1
521,1520439668.1035793,1,tracking-lost-essential-fallback,505,106,994,54,,1
522,1520439668.1535804,1,tracking-lost-essential-fallback,506,106,994,128,,1
523,1520439668.2035823,1,tracking-lost-essential-fallback,507,106,994,153,,1
524,1520439668.2535841,1,tracking-lost-essential-fallback,508,106,994,116,,1
525,1520439668.3035853,1,tracking-lost-essential-fallback,509,106,994,117,,1
526,1520439668.3535874,1,tracking-lost-essential-fallback,510,106,994,129,,1
527,1520439668.4035885,1,tracking-lost-essential-fallback,511,106,994,118,,1
528,1520439668.4535904,1,tracking-lost-essential-fallback,512,106,994,144,,1
529,1520439668.5029485,1,lost-local-relocal,513,106,994,35,1.1976529359817505,0
530,1520439668.5529504,1,recovery-local,514,106,994,49,1.1383973360061646,0
531,1520439668.6029515,1,recovery-local,515,106,994,64,1.1947094202041626,0
532,1520439668.6529534,1,recovery-local,516,106,994,59,1.188675045967102,0
533,1520439668.7029552,1,recovery-local,517,106,994,70,1.1621794700622559,0
534,1520439668.7529566,1,recovery-local,518,106,994,73,1.1712247133255005,0
535,1520439668.8029585,1,local,519,106,994,64,1.1606470346450806,0
536,1520439668.8529603,1,local,520,106,994,52,1.2486791610717773,0
537,1520439668.902747,1,local,521,106,994,37,1.0852946043014526,0
538,1520439668.952749,1,local,522,107,992,32,1.2818019390106201,0
539,1520439669.002751,1,local,523,107,985,42,1.129539966583252,0
540,1520439669.052752,1,local,524,107,975,35,1.3083535432815552,0
541,1520439669.102753,1,local,525,107,967,26,1.2522128820419312,0
542,1520439669.152755,1,essential-fallback,526,107,991,,,0
543,1520439669.202757,1,essential-fallback,527,107,991,,,0
544,1520439669.2527578,1,essential-fallback,528,107,991,,,0
545,1520439669.3033302,1,const-vel,529,107,991,,,0
546,1520439669.353331,1,essential-fallback,530,107,991,,,0
547,1520439669.403333,1,essential-fallback,531,107,991,,,0
548,1520439669.453363,1,essential-fallback,532,107,991,,,0
549,1520439669.503336,1,essential-fallback,533,107,991,,,0
550,1520439669.5533369,1,essential-fallback,534,107,991,,,0
551,1520439669.6033392,1,essential-fallback,535,107,991,,,0
552,1520439669.65334,1,essential-fallback,536,107,991,,,1
553,1520439669.7033422,1,lost-local-relocal,537,107,991,17,1.5110222101211548,0
555,1520439669.8034635,1,tracking-lost-essential-fallback,538,107,1060,88,,0
556,1520439669.8534658,1,local,539,107,1060,51,1.004487156867981,0
557,1520439669.9034667,1,local,540,107,1042,50,1.1861121654510498,0
558,1520439669.9534686,1,local,541,107,1042,53,1.206788420677185,0
559,1520439670.0034697,1,local,542,107,1042,72,1.3270536661148071,0
560,1520439670.0534716,1,local,543,108,1092,61,1.2084769010543823,0
561,1520439670.1034725,1,local,544,108,1077,87,1.1559239625930786,0
562,1520439670.1529255,1,local,545,108,1021,82,1.2371463775634766,0
563,1520439670.2029266,1,local,546,108,1016,71,1.171472191810608,0
564,1520439670.2529285,1,local,547,109,1048,67,1.122956395149231,0
565,1520439670.3029306,1,local,548,109,1033,87,1.091922640800476,0
566,1520439670.3529317,1,local,549,109,990,60,1.1257660388946533,0
567,1520439670.4029336,1,local,550,109,988,53,1.1575672626495361,0
568,1520439670.4529345,1,local,551,110,1013,43,1.2383430004119873,0
569,1520439670.5029366,1,local,552,110,1011,51,1.2194708585739136,0
570,1520439670.5528514,1,local,553,110,997,41,1.3845890760421753,0
571,1520439670.6028535,1,local,554,110,994,35,1.1043952703475952,0
572,1520439670.6528547,1,local,555,111,1006,31,1.2134194374084473,0
573,1520439670.7028565,1,local,556,111,1003,30,1.2352439165115356,0
574,1520439670.7528577,1,local,557,111,992,35,1.2826745510101318,0
575,1520439670.8028595,1,local,558,111,992,26,1.3033931255340576,0
576,1520439670.8528605,1,essential-fallback,559,111,992,,,0
577,1520439670.9028628,1,essential-fallback,560,111,992,,,0
578,1520439670.9531636,1,essential-fallback,561,111,992,,,0
579,1520439671.0031655,1,essential-fallback,562,111,992,,,0
580,1520439671.0531666,1,essential-fallback,563,111,992,,,0
581,1520439671.1031685,1,essential-fallback,564,111,992,,,0
582,1520439671.1531694,1,essential-fallback,565,111,992,,,0
583,1520439671.2031717,1,essential-fallback,566,111,992,,,0
584,1520439671.2531726,1,essential-fallback,567,111,992,,,0
585,1520439671.3031745,1,essential-fallback,568,111,992,,,1
586,1520439671.3531375,1,tracking-lost-essential-fallback,569,111,992,75,,1
587,1520439671.4031394,1,tracking-lost-essential-fallback,570,111,992,51,,1
588,1520439671.4531415,1,tracking-lost-const-vel,571,111,992,,,1
589,1520439671.5031426,1,tracking-lost-const-vel,572,111,992,,,1
590,1520439671.5531445,1,tracking-lost-essential-fallback,573,111,992,73,,1
591,1520439671.6031454,1,tracking-lost-essential-fallback,574,111,992,48,,1
592,1520439671.6531475,1,tracking-lost-essential-fallback,575,111,992,54,,1
593,1520439671.7031484,1,tracking-lost-essential-fallback,576,111,992,62,,1
594,1520439671.7531502,1,tracking-lost-essential-fallback,577,111,992,78,,1
595,1520439671.803215,1,tracking-lost-essential-fallback,578,111,992,147,,1
596,1520439671.853217,1,tracking-lost-essential-fallback,579,111,992,94,,1
597,1520439671.9032187,1,lost-local-relocal,580,111,992,53,1.2253268957138062,0
598,1520439671.95322,1,recovery-local,581,111,992,53,1.2038041353225708,0
599,1520439672.0032218,1,recovery-local,582,111,986,48,1.1624553203582764,0
600,1520439672.053224,1,recovery-local,583,111,986,42,1.147547721862793,0
601,1520439672.103225,1,recovery-local,584,111,986,44,1.1800963878631592,0
602,1520439672.1532269,1,recovery-local,585,111,986,44,1.1064656972885132,0
603,1520439672.2030306,1,local,586,111,986,33,1.164231538772583,0
604,1520439672.2530327,1,local,587,111,986,35,1.1718721389770508,0
605,1520439672.3030348,1,local,588,111,986,33,1.0756816864013672,0
606,1520439672.3530357,1,local,589,112,932,27,1.2994920015335083,0
607,1520439672.4030378,1,local,590,112,920,40,1.1738983392715454,0
608,1520439672.4530387,1,local,591,112,908,33,1.1108715534210205,0
609,1520439672.5030406,1,local,592,112,888,28,1.2909128665924072,0
610,1520439672.5530417,1,local,593,113,896,29,1.1182564496994019,0
611,1520439672.6032906,1,local,594,113,887,44,1.0058963298797607,0
612,1520439672.6532924,1,local,595,113,872,45,1.1192748546600342,0
613,1520439672.7032943,1,local,596,113,859,33,1.1112695932388306,0
614,1520439672.7532954,1,essential-fallback,597,113,864,,,0
615,1520439672.8032973,1,local,598,113,847,28,1.319735050201416,0
616,1520439672.8532982,1,essential-fallback,599,113,847,,,0
617,1520439672.9033005,1,essential-fallback,600,113,847,,,0
618,1520439672.9533014,1,local,601,113,831,21,1.2822405099868774,0
619,1520439673.0030878,1,essential-fallback,602,113,908,,,0
620,1520439673.0530896,1,local,603,114,922,56,0.98172926902771,0
621,1520439673.1030905,1,local,604,114,875,66,1.0630685091018677,0
622,1520439673.1530926,1,local,605,114,825,53,1.1946487426757812,0
623,1520439673.2030935,1,local,606,114,794,75,1.0967137813568115,0
624,1520439673.2530956,1,local,607,115,815,79,1.1575020551681519,0
625,1520439673.3030968,1,local,608,115,788,86,1.160786747932434,0
626,1520439673.3530986,1,local,609,115,776,81,1.1759650707244873,0
627,1520439673.4031255,1,local,610,115,773,69,1.150120496749878,0
628,1520439673.4531279,1,local,611,115,771,66,1.1700530052185059,0
629,1520439673.5031297,1,local,612,115,767,68,1.271419644355774,0
630,1520439673.5531306,1,local,613,115,751,51,1.1830966472625732,0
631,1520439673.6031327,1,local,614,115,741,48,1.1701380014419556,0
632,1520439673.6531346,1,local,615,115,734,47,1.1709409952163696,0
633,1520439673.7031355,1,local,616,115,728,37,1.1771790981292725,0
634,1520439673.7531378,1,local,617,115,721,38,1.0885025262832642,0
635,1520439673.8031466,1,local,618,115,715,36,1.0935273170471191,0
636,1520439673.8531475,1,local,619,115,712,36,1.0896412134170532,0
637,1520439673.9031496,1,local,620,115,711,35,1.0814024209976196,0
638,1520439673.9531505,1,local,621,115,708,39,1.086843729019165,0
639,1520439674.0031545,1,local,622,115,703,33,1.1327483654022217,0
640,1520439674.0531535,1,local,623,116,744,43,1.0718644857406616,0
641,1520439674.1031544,1,local,624,116,742,54,1.107283353805542,0
642,1520439674.1531565,1,local,625,116,740,52,1.1537995338439941,0
643,1520439674.2031577,1,local,626,116,738,49,1.1186597347259521,0
644,1520439674.2534432,1,local,627,117,765,48,1.1275173425674438,0
645,1520439674.3035214,1,local,628,117,761,56,1.079906702041626,0
646,1520439674.3534462,1,local,629,117,743,48,1.084364652633667,0
647,1520439674.403448,1,local,630,117,737,52,1.093868613243103,0
648,1520439674.4534492,1,local,631,118,769,49,1.0888087749481201,0
649,1520439674.5034513,1,local,632,118,764,58,1.028342366218567,0
650,1520439674.5534525,1,local,633,118,755,66,1.082112431526184,0
651,1520439674.6034544,1,local,634,118,751,48,1.1219412088394165,0
652,1520439674.6532643,1,local,635,119,788,51,1.2181997299194336,0
653,1520439674.7032652,1,local,636,119,783,73,1.1727131605148315,0
654,1520439674.7532673,1,local,637,119,769,64,1.280490756034851,0
655,1520439674.8032682,1,local,638,119,763,58,1.1571730375289917,0
656,1520439674.85327,1,local,639,120,794,49,1.2283011674880981,0
657,1520439674.9032712,1,local,640,120,792,56,1.1973847150802612,0
658,1520439674.9532733,1,local,641,120,776,46,1.2683876752853394,0
659,1520439675.0032744,1,local,642,120,774,42,1.1368770599365234,0
660,1520439675.0530944,1,local,643,120,770,37,1.2209430932998657,0
661,1520439675.1030965,1,local,644,120,769,41,1.1750316619873047,0
662,1520439675.1530976,1,local,645,120,748,30,1.2922226190567017,0
663,1520439675.2030995,1,local,646,120,745,29,1.2543835639953613,0
664,1520439675.2531013,1,local,647,121,761,20,1.2610602378845215,0
665,1520439675.3031025,1,local,648,121,760,30,1.1123663187026978,0
666,1520439675.3531034,1,local,649,121,758,24,1.1813141107559204,0
667,1520439675.4031057,1,essential-fallback,650,121,758,,,0
668,1520439675.4532743,1,local,651,122,807,20,1.2688311338424683,0
669,1520439675.503276,1,local,652,122,806,40,1.031638264656067,0
670,1520439675.5532782,1,local,653,122,805,41,1.1359186172485352,0
671,1520439675.603279,1,local,654,122,795,30,1.1036442518234253,0
672,1520439675.65328,1,local,655,123,836,36,1.1654995679855347,0
673,1520439675.7032812,1,local,656,123,831,50,1.149720311164856,0
674,1520439675.7532833,1,local,657,123,819,41,1.1523650884628296,0
675,1520439675.8032851,1,local,658,123,817,46,1.2572834491729736,0
676,1520439675.8532412,1,local,659,124,861,47,1.303757667541504,0
677,1520439675.9032793,1,local,660,124,859,53,1.1730468273162842,0
678,1520439675.9532442,1,local,661,124,847,38,1.2733873128890991,0
679,1520439676.003246,1,local,662,124,844,46,1.2476725578308105,0
680,1520439676.053247,1,local,663,125,948,49,1.2155853509902954,0
681,1520439676.1032493,1,local,664,125,947,83,1.1282063722610474,0
682,1520439676.1532502,1,local,665,125,924,57,1.3851954936981201,0
683,1520439676.203252,1,local,666,125,914,51,1.213905692100525,0
684,1520439676.2530286,1,local,667,126,927,44,1.2840889692306519,0
685,1520439676.3030298,1,local,668,126,905,55,1.2201013565063477,0
686,1520439676.3530319,1,local,669,126,858,48,1.2421064376831055,0
687,1520439676.4030328,1,local,670,126,847,48,1.299892544746399,0
688,1520439676.4530349,1,local,671,126,834,40,1.2324923276901245,0
689,1520439676.5030358,1,local,672,126,822,43,1.2506338357925415,0
690,1520439676.5530376,1,local,673,126,807,43,1.2070512771606445,0
691,1520439676.6030388,1,local,674,126,799,30,1.1987851858139038,0
692,1520439676.6530406,1,local,675,126,796,32,1.2876853942871094,0
693,1520439676.7030118,1,local,676,126,794,29,1.1084378957748413,0
694,1520439676.7530127,1,local,677,126,793,32,1.0672576427459717,0
695,1520439676.8030148,1,local,678,126,793,27,1.1834383010864258,0
696,1520439676.8530166,1,local,679,127,808,36,1.0239689350128174,0
697,1520439676.9030175,1,local,680,127,805,36,1.1344144344329834,0
698,1520439676.9530199,1,local,681,127,804,28,1.1680822372436523,0
699,1520439677.0030217,1,local,682,127,802,34,1.321731448173523,0
700,1520439677.0530226,1,essential-fallback,683,127,831,,,0
701,1520439677.1032584,1,local,684,128,850,44,1.2900493144989014,0
702,1520439677.1532593,1,local,685,128,850,36,1.0701515674591064,0
703,1520439677.2032604,1,local,686,128,840,36,1.2709542512893677,0
704,1520439677.2532625,1,local,687,128,839,28,1.1379764080047607,0
705,1520439677.3032634,1,local,688,129,867,22,1.0947391986846924,0
706,1520439677.3532665,1,local,689,129,847,36,1.2537825107574463,0
707,1520439677.4032674,1,local,690,129,834,26,1.125226616859436,0
708,1520439677.4532683,1,local,691,129,831,29,1.190259337425232,0
709,1520439677.5029988,1,local,692,130,858,26,1.3239741325378418,0
710,1520439677.5529997,1,local,693,130,853,30,1.2017595767974854,0
711,1520439677.6030016,1,local,694,130,839,42,1.2276890277862549,0
712,1520439677.6530027,1,local,695,130,833,35,1.2458237409591675,0
713,1520439677.7030048,1,local,696,130,820,42,1.2241696119308472,0
714,1520439677.7530057,1,local,697,130,813,44,1.1799910068511963,0
715,1520439677.8030078,1,local,698,130,792,46,1.2270228862762451,0
716,1520439677.8530097,1,local,699,130,781,52,1.1485929489135742,0
717,1520439677.9028893,1,local,700,130,768,29,1.1758414506912231,0
718,1520439677.9528916,1,const-vel,701,130,768,,,0
719,1520439678.0028925,1,local,702,130,763,22,1.2990964651107788,0
720,1520439678.0528944,1,essential-fallback,703,130,763,,,0
721,1520439678.1028955,1,essential-fallback,704,130,763,,,0
722,1520439678.1528974,1,essential-fallback,705,130,763,,,0
723,1520439678.2028992,1,local,706,130,759,26,1.3988698720932007,0
724,1520439678.2529004,1,local,707,130,756,32,1.2532974481582642,0
725,1520439678.3033724,1,local,708,130,745,42,1.2767791748046875,0
726,1520439678.3533735,1,local,709,130,743,39,1.1820909976959229,0
727,1520439678.4033754,1,local,710,130,737,31,1.3064125776290894,0
728,1520439678.4533775,1,local,711,130,734,36,1.1909693479537964,0
729,1520439678.5033786,1,local,712,130,730,37,0.9910442233085632,0
730,1520439678.5533805,1,local,713,130,727,37,1.3101816177368164,0
731,1520439678.6033814,1,local,714,131,761,25,1.345313310623169,0
732,1520439678.6533835,1,local,715,131,761,27,1.3840465545654297,0
733,1520439678.7029593,1,essential-fallback,716,131,761,,,0
734,1520439678.7529612,1,essential-fallback,717,131,761,,,0
735,1520439678.802962,1,essential-fallback,718,131,797,,,0
736,1520439678.8529642,1,essential-fallback,719,131,816,,,0
737,1520439678.902966,1,local,720,131,813,24,1.3464820384979248,0
738,1520439678.9529681,1,essential-fallback,721,131,813,,,0
739,1520439679.0029693,1,local,722,131,812,21,1.314944863319397,0
740,1520439679.0529702,1,essential-fallback,723,131,812,,,0
741,1520439679.102972,1,essential-fallback,724,131,812,,,0
742,1520439679.1527967,1,essential-fallback,725,131,812,,,0
743,1520439679.2027986,1,const-vel,726,131,812,,,0
744,1520439679.2527997,1,const-vel,727,131,812,,,0
745,1520439679.3028018,1,const-vel,728,131,812,,,0
746,1520439679.3528028,1,const-vel,729,131,812,,,0
747,1520439679.4028049,1,essential-fallback,730,131,812,,,0
748,1520439679.4528067,1,const-vel,731,131,812,,,0
749,1520439679.5028076,1,const-vel,732,131,812,,,0
750,1520439679.5531173,1,const-vel,733,131,812,,,0
751,1520439679.6031184,1,essential-fallback,734,131,812,,,0
752,1520439679.6531203,1,const-vel,735,131,812,,,0
753,1520439679.7031212,1,essential-fallback,736,131,812,,,0
754,1520439679.7531235,1,essential-fallback,737,131,812,,,0
755,1520439679.8031244,1,essential-fallback,738,131,812,,,0
756,1520439679.8531263,1,essential-fallback,739,131,812,,,0
757,1520439679.9031284,1,const-vel,740,131,812,,,0
758,1520439679.9536884,1,essential-fallback,741,131,812,,,1
759,1520439680.0036902,1,tracking-lost-essential-fallback,742,131,812,179,,1
760,1520439680.0536923,1,tracking-lost-essential-fallback,743,131,812,206,,1
761,1520439680.1036944,1,tracking-lost-essential-fallback,744,131,812,79,,1
762,1520439680.1536953,1,tracking-lost-essential-fallback,745,131,812,54,,1
763,1520439680.2036965,1,tracking-lost-essential-fallback,746,131,812,85,,1
764,1520439680.2536983,1,tracking-lost-essential-fallback,747,131,812,58,,1
765,1520439680.3037002,1,tracking-lost-essential-fallback,748,131,812,67,,1
766,1520439680.3533046,1,tracking-lost-essential-fallback,749,131,812,57,,1
767,1520439680.4033055,1,tracking-lost-const-vel,750,131,812,,,1
768,1520439680.4533086,1,tracking-lost-const-vel,751,131,812,,,1
769,1520439680.5033097,1,tracking-lost-essential-fallback,752,131,812,128,,1
770,1520439680.5533125,1,tracking-lost-essential-fallback,753,131,812,99,,1
771,1520439680.6033125,1,tracking-lost-essential-fallback,754,131,812,111,,1
772,1520439680.6533136,1,tracking-lost-essential-fallback,755,131,812,56,,1
773,1520439680.7033155,1,tracking-lost-essential-fallback,756,131,812,73,,1
774,1520439680.7532911,1,tracking-lost-essential-fallback,757,131,812,72,,1
775,1520439680.8032222,1,tracking-lost-essential-fallback,758,131,812,49,,1
776,1520439680.853223,1,tracking-lost-const-vel,759,131,812,,,1
777,1520439680.9032252,1,tracking-lost-essential-fallback,760,131,812,105,,1
778,1520439680.953226,1,tracking-lost-const-vel,761,131,812,,,1
779,1520439681.003228,1,tracking-lost-const-vel,762,131,812,,,1
780,1520439681.0532303,1,tracking-lost-essential-fallback,763,131,812,49,,1
781,1520439681.103231,1,tracking-lost-essential-fallback,764,131,812,87,,1
782,1520439681.153233,1,tracking-lost-essential-fallback,765,131,812,64,,1
783,1520439681.2037528,1,tracking-lost-essential-fallback,766,131,812,49,,1
784,1520439681.2537546,1,tracking-lost-essential-fallback,767,131,812,66,,1
785,1520439681.3037558,1,tracking-lost-essential-fallback,768,131,812,86,,1
786,1520439681.3537579,1,tracking-lost-essential-fallback,769,131,812,112,,1
787,1520439681.4037597,1,tracking-lost-essential-fallback,770,131,812,179,,1
788,1520439681.4537609,1,tracking-lost-essential-fallback,771,131,812,131,,1
789,1520439681.5037627,1,tracking-lost-essential-fallback,772,131,812,144,,1
790,1520439681.5537639,1,tracking-lost-essential-fallback,773,131,812,185,,1
791,1520439681.603624,1,tracking-lost-essential-fallback,774,131,812,144,,1
792,1520439681.653626,1,tracking-lost-essential-fallback,775,131,812,89,,1
793,1520439681.7036269,1,tracking-lost-essential-fallback,776,131,812,107,,1
794,1520439681.753628,1,tracking-lost-essential-fallback,777,131,812,92,,1
795,1520439681.8036308,1,tracking-lost-essential-fallback,778,131,812,68,,1
796,1520439681.8536317,1,tracking-lost-essential-fallback,779,131,812,76,,1
797,1520439681.903634,1,tracking-lost-essential-fallback,780,131,812,95,,1
798,1520439681.953635,1,tracking-lost-essential-fallback,781,131,812,64,,1
799,1520439682.0032387,1,tracking-lost-const-vel,782,131,812,,,1
800,1520439682.053241,1,tracking-lost-const-vel,783,131,812,,,1
801,1520439682.103246,1,tracking-lost-const-vel,784,131,812,,,1
802,1520439682.1532438,1,tracking-lost-const-vel,785,131,812,,,1
803,1520439682.2032459,1,tracking-lost-const-vel,786,131,812,,,1
804,1520439682.2532468,1,tracking-lost-essential-fallback,787,131,812,80,,1
805,1520439682.3032486,1,tracking-lost-essential-fallback,788,131,812,77,,1
806,1520439682.3532789,1,tracking-lost-essential-fallback,789,131,812,61,,1
807,1520439682.4032476,1,tracking-lost-essential-fallback,790,131,812,48,,1
808,1520439682.453249,1,tracking-lost-essential-fallback,791,131,812,49,,1
809,1520439682.5032508,1,tracking-lost-const-vel,792,131,812,,,1
810,1520439682.553252,1,tracking-lost-const-vel,793,131,812,,,1
811,1520439682.6032538,1,tracking-lost-const-vel,794,131,812,,,1
812,1520439682.6532557,1,tracking-lost-const-vel,795,131,812,,,1
813,1520439682.7032568,1,tracking-lost-essential-fallback,796,131,812,59,,1
814,1520439682.753259,1,tracking-lost-essential-fallback,797,131,812,46,,1
815,1520439682.8038921,1,tracking-lost-const-vel,798,131,812,,,1
816,1520439682.853894,1,tracking-lost-essential-fallback,799,131,812,63,,1
817,1520439682.9038951,1,tracking-lost-essential-fallback,800,131,812,253,,1
818,1520439682.953897,1,tracking-lost-essential-fallback,801,131,812,65,,1
819,1520439683.0038989,1,tracking-lost-essential-fallback,802,131,812,244,,1
820,1520439683.0539002,1,tracking-lost-essential-fallback,803,131,812,135,,1
821,1520439683.103902,1,tracking-lost-essential-fallback,804,131,812,68,,1
822,1520439683.1539032,1,tracking-lost-essential-fallback,805,131,812,176,,1
823,1520439683.2033856,1,tracking-lost-essential-fallback,806,131,812,102,,1
824,1520439683.2533877,1,tracking-lost-essential-fallback,807,131,812,89,,1
825,1520439683.3033888,1,tracking-lost-essential-fallback,808,131,812,125,,1
826,1520439683.3533907,1,tracking-lost-essential-fallback,809,131,812,149,,1
827,1520439683.4033916,1,tracking-lost-essential-fallback,810,131,812,95,,1
828,1520439683.4533937,1,tracking-lost-essential-fallback,811,131,812,111,,1
829,1520439683.5033946,1,tracking-lost-essential-fallback,812,131,812,86,,1
830,1520439683.5533965,1,tracking-lost-essential-fallback,813,131,812,111,,1
831,1520439683.6033988,1,tracking-lost-essential-fallback,814,131,812,54,,1
832,1520439683.6531444,1,tracking-lost-essential-fallback,815,131,812,45,,1
833,1520439683.7031453,1,tracking-lost-const-vel,816,131,812,,,1
834,1520439683.7531476,1,tracking-lost-essential-fallback,817,131,812,53,,1
835,1520439683.8031495,1,tracking-lost-const-vel,818,131,812,,,1
836,1520439683.8531504,1,tracking-lost-essential-fallback,819,131,812,61,,1
837,1520439683.9031525,1,tracking-lost-essential-fallback,820,131,812,66,,1
838,1520439683.9531534,1,tracking-lost-essential-fallback,821,131,812,75,,1
839,1520439684.0031552,1,tracking-lost-const-vel,822,131,812,,,1
840,1520439684.0531702,1,tracking-lost-essential-fallback,823,131,812,41,,1
841,1520439684.1031723,1,tracking-lost-essential-fallback,824,131,812,48,,1
842,1520439684.153173,1,tracking-lost-const-vel,825,131,812,,,1
843,1520439684.2031753,1,tracking-lost-const-vel,826,131,812,,,1
844,1520439684.2531772,1,tracking-lost-const-vel,827,131,812,,,1
845,1520439684.303178,1,tracking-lost-essential-fallback,828,131,812,49,,1
846,1520439684.3531802,1,tracking-lost-const-vel,829,131,812,,,1
847,1520439684.403181,1,tracking-lost-essential-fallback,830,131,812,61,,1
848,1520439684.4532344,1,tracking-lost-const-vel,831,131,812,,,1
849,1520439684.5032353,1,tracking-lost-essential-fallback,832,131,812,51,,1
850,1520439684.5532374,1,tracking-lost-essential-fallback,833,131,812,73,,1
851,1520439684.6032386,1,tracking-lost-essential-fallback,834,131,812,75,,1
852,1520439684.6532404,1,tracking-lost-essential-fallback,835,131,812,58,,1
853,1520439684.7032423,1,tracking-lost-essential-fallback,836,131,812,101,,1
854,1520439684.7532434,1,tracking-lost-const-vel,837,131,812,,,1
855,1520439684.8032453,1,tracking-lost-essential-fallback,838,131,812,81,,1
856,1520439684.853285,1,tracking-lost-essential-fallback,839,131,812,83,,1
857,1520439684.903287,1,tracking-lost-essential-fallback,840,131,812,114,,1
858,1520439684.9532888,1,tracking-lost-essential-fallback,841,131,812,96,,1
859,1520439685.00329,1,tracking-lost-essential-fallback,842,131,812,67,,1
860,1520439685.0532918,1,tracking-lost-const-vel,843,131,812,,,1
861,1520439685.1032927,1,tracking-lost-essential-fallback,844,131,812,52,,1
862,1520439685.153295,1,tracking-lost-const-vel,845,131,812,,,1
863,1520439685.203297,1,tracking-lost-essential-fallback,846,131,812,57,,1
864,1520439685.2533517,1,tracking-lost-essential-fallback,847,131,812,111,,1
865,1520439685.303354,1,tracking-lost-essential-fallback,848,131,812,56,,1
866,1520439685.353355,1,tracking-lost-essential-fallback,849,131,812,65,,1
867,1520439685.4033577,1,tracking-lost-essential-fallback,850,131,812,48,,1
868,1520439685.453358,1,tracking-lost-essential-fallback,851,131,812,49,,1
869,1520439685.5033598,1,tracking-lost-const-vel,852,131,812,,,1
870,1520439685.5533607,1,tracking-lost-essential-fallback,853,131,812,41,,1
871,1520439685.6034617,1,tracking-lost-essential-fallback,854,131,812,55,,1
872,1520439685.6533637,1,tracking-lost-essential-fallback,855,131,812,43,,1
873,1520439685.7035174,1,tracking-lost-essential-fallback,856,131,812,95,,1
874,1520439685.7535186,1,tracking-lost-essential-fallback,857,131,812,140,,1
875,1520439685.8035207,1,tracking-lost-essential-fallback,858,131,812,106,,1
876,1520439685.8535225,1,tracking-lost-essential-fallback,859,131,812,142,,1
877,1520439685.9035237,1,tracking-lost-essential-fallback,860,131,812,94,,1
878,1520439685.9535255,1,tracking-lost-essential-fallback,861,131,812,69,,1
879,1520439686.0035264,1,tracking-lost-essential-fallback,862,131,812,73,,1
880,1520439686.0535288,1,tracking-lost-essential-fallback,863,131,812,86,,1
881,1520439686.1034648,1,tracking-lost-essential-fallback,864,131,812,42,,1
882,1520439686.1534667,1,tracking-lost-essential-fallback,865,131,812,119,,1
883,1520439686.2034688,1,tracking-lost-essential-fallback,866,131,812,124,,1
884,1520439686.2534697,1,tracking-lost-essential-fallback,867,131,812,83,,1
885,1520439686.3034718,1,tracking-lost-essential-fallback,868,131,812,93,,1
886,1520439686.353473,1,tracking-lost-essential-fallback,869,131,812,122,,1
887,1520439686.4034748,1,tracking-lost-essential-fallback,870,131,812,47,,1
888,1520439686.4534757,1,tracking-lost-essential-fallback,871,131,812,151,,1
889,1520439686.5034845,1,tracking-lost-essential-fallback,872,131,812,104,,1
890,1520439686.5534866,1,tracking-lost-essential-fallback,873,131,812,68,,1
891,1520439686.6034875,1,tracking-lost-const-vel,874,131,812,,,1
892,1520439686.6534896,1,tracking-lost-essential-fallback,875,131,812,75,,1
893,1520439686.7034917,1,tracking-lost-essential-fallback,876,131,812,57,,1
894,1520439686.7534926,1,tracking-lost-essential-fallback,877,131,812,82,,1
895,1520439686.8034935,1,tracking-lost-essential-fallback,878,131,812,80,,1
896,1520439686.8534956,1,tracking-lost-essential-fallback,879,131,812,60,,1
897,1520439686.9035087,1,tracking-lost-essential-fallback,880,131,812,125,,1
898,1520439686.9535096,1,tracking-lost-essential-fallback,881,131,812,186,,1
899,1520439687.0035105,1,tracking-lost-essential-fallback,882,131,812,77,,1
900,1520439687.0535126,1,tracking-lost-const-vel,883,131,812,,,1
901,1520439687.1035144,1,tracking-lost-essential-fallback,884,131,812,52,,1
902,1520439687.1535153,1,tracking-lost-essential-fallback,885,131,812,48,,1
903,1520439687.2035732,1,tracking-lost-essential-fallback,886,131,812,93,,1
904,1520439687.2535183,1,tracking-lost-essential-fallback,887,131,812,55,,1
905,1520439687.3035896,1,tracking-lost-essential-fallback,888,131,812,57,,1
906,1520439687.3535903,1,tracking-lost-essential-fallback,889,131,812,79,,1
907,1520439687.4035926,1,tracking-lost-essential-fallback,890,131,812,57,,1
908,1520439687.4535944,1,tracking-lost-const-vel,891,131,812,,,1
909,1520439687.5035954,1,tracking-lost-essential-fallback,892,131,812,114,,1
910,1520439687.5535975,1,tracking-lost-essential-fallback,893,131,812,137,,1
911,1520439687.6035984,1,tracking-lost-essential-fallback,894,131,812,210,,1
912,1520439687.6536005,1,tracking-lost-essential-fallback,895,131,812,129,,1
913,1520439687.7034957,1,tracking-lost-essential-fallback,896,131,812,91,,1
914,1520439687.7534976,1,tracking-lost-essential-fallback,897,131,812,74,,1
915,1520439687.8035,1,tracking-lost-essential-fallback,898,131,812,94,,1
916,1520439687.8535008,1,tracking-lost-essential-fallback,899,131,812,72,,1
917,1520439687.9035027,1,tracking-lost-essential-fallback,900,131,812,152,,1
918,1520439687.9535038,1,tracking-lost-essential-fallback,901,131,812,161,,1
919,1520439688.0035057,1,tracking-lost-essential-fallback,902,131,812,91,,1
920,1520439688.0535066,1,tracking-lost-const-vel,903,131,812,,,1
921,1520439688.103509,1,tracking-lost-essential-fallback,904,131,812,70,,1
922,1520439688.153563,1,tracking-lost-essential-fallback,905,131,812,56,,1
923,1520439688.203564,1,tracking-lost-const-vel,906,131,812,,,1
924,1520439688.2535658,1,tracking-lost-essential-fallback,907,131,812,79,,1
925,1520439688.303568,1,tracking-lost-essential-fallback,908,131,812,54,,1
926,1520439688.3535688,1,tracking-lost-essential-fallback,909,131,812,47,,1
927,1520439688.403571,1,tracking-lost-essential-fallback,910,131,812,67,,1
928,1520439688.453572,1,tracking-lost-const-vel,911,131,812,,,1
929,1520439688.503573,1,tracking-lost-essential-fallback,912,131,812,41,,1
930,1520439688.5536761,1,tracking-lost-const-vel,913,131,812,,,1
931,1520439688.603678,1,tracking-lost-essential-fallback,914,131,812,55,,1
932,1520439688.6536791,1,tracking-lost-essential-fallback,915,131,812,45,,1
933,1520439688.7036812,1,tracking-lost-essential-fallback,916,131,812,56,,1
934,1520439688.753682,1,tracking-lost-const-vel,917,131,812,,,1
935,1520439688.803699,1,tracking-lost-essential-fallback,918,131,812,75,,1
936,1520439688.8536851,1,tracking-lost-essential-fallback,919,131,812,163,,1
937,1520439688.903687,1,tracking-lost-essential-fallback,920,131,812,60,,1
938,1520439688.9535978,1,tracking-lost-essential-fallback,921,131,812,55,,1
939,1520439689.0035996,1,tracking-lost-essential-fallback,922,131,812,62,,1
940,1520439689.053602,1,tracking-lost-essential-fallback,923,131,812,97,,1
941,1520439689.103603,1,tracking-lost-essential-fallback,924,131,812,47,,1
942,1520439689.1536047,1,tracking-lost-essential-fallback,925,131,812,53,,1
943,1520439689.203606,1,tracking-lost-essential-fallback,926,131,812,103,,1
944,1520439689.2536077,1,tracking-lost-essential-fallback,927,131,812,87,,1
945,1520439689.3036087,1,tracking-lost-const-vel,928,131,812,,,1
946,1520439689.3535857,1,tracking-lost-const-vel,929,131,812,,,1
947,1520439689.4035869,1,tracking-lost-essential-fallback,930,131,812,52,,1
948,1520439689.4535887,1,tracking-lost-essential-fallback,931,131,812,102,,1
949,1520439689.5035908,1,tracking-lost-essential-fallback,932,131,812,71,,1
950,1520439689.553592,1,tracking-lost-essential-fallback,933,131,812,139,,1
951,1520439689.6035938,1,tracking-lost-essential-fallback,934,131,812,60,,1
952,1520439689.653595,1,tracking-lost-essential-fallback,935,131,812,43,,1
953,1520439689.7035968,1,tracking-lost-essential-fallback,936,131,812,157,,1
954,1520439689.7536118,1,tracking-lost-const-vel,937,131,812,,,1
955,1520439689.8036141,1,tracking-lost-essential-fallback,938,131,812,55,,1
956,1520439689.853615,1,tracking-lost-essential-fallback,939,131,812,71,,1
957,1520439689.903617,1,tracking-lost-const-vel,940,131,812,,,1
958,1520439689.953618,1,tracking-lost-essential-fallback,941,131,812,72,,1
959,1520439690.00362,1,tracking-lost-essential-fallback,942,131,812,123,,1
960,1520439690.0536208,1,tracking-lost-essential-fallback,943,131,812,68,,1
961,1520439690.103623,1,tracking-lost-essential-fallback,944,131,812,73,,1
962,1520439690.1536436,1,tracking-lost-essential-fallback,945,131,812,103,,1
963,1520439690.2036448,1,tracking-lost-essential-fallback,946,131,812,52,,1
964,1520439690.2536466,1,tracking-lost-essential-fallback,947,131,812,198,,1
965,1520439690.3036487,1,tracking-lost-essential-fallback,948,131,812,146,,1
966,1520439690.3536499,1,tracking-lost-essential-fallback,949,131,812,49,,1
967,1520439690.4036517,1,tracking-lost-essential-fallback,950,131,812,116,,1
968,1520439690.4536529,1,tracking-lost-essential-fallback,951,131,812,95,,1
969,1520439690.5036547,1,tracking-lost-essential-fallback,952,131,812,74,,1
970,1520439690.5536556,1,tracking-lost-essential-fallback,953,131,812,140,,1
971,1520439690.6036575,1,tracking-lost-essential-fallback,954,131,812,98,,1
972,1520439690.6536596,1,tracking-lost-essential-fallback,955,131,812,53,,1
973,1520439690.7036605,1,tracking-lost-essential-fallback,956,131,812,100,,1
974,1520439690.7536626,1,tracking-lost-essential-fallback,957,131,812,51,,1
975,1520439690.8036635,1,tracking-lost-essential-fallback,958,131,812,76,,1
976,1520439690.8536656,1,tracking-lost-essential-fallback,959,131,812,81,,1
977,1520439690.9036665,1,tracking-lost-essential-fallback,960,131,812,77,,1
978,1520439690.9536684,1,tracking-lost-essential-fallback,961,131,812,85,,1
979,1520439691.0037146,1,tracking-lost-essential-fallback,962,131,812,107,,1
980,1520439691.0537167,1,tracking-lost-essential-fallback,963,131,812,45,,1
981,1520439691.1037188,1,tracking-lost-essential-fallback,964,131,812,65,,1
982,1520439691.1537197,1,tracking-lost-essential-fallback,965,131,812,88,,1
983,1520439691.2037215,1,tracking-lost-essential-fallback,966,131,812,75,,1
984,1520439691.2537227,1,tracking-lost-essential-fallback,967,131,812,68,,1
985,1520439691.3037245,1,tracking-lost-const-vel,968,131,812,,,1
986,1520439691.3537254,1,tracking-lost-essential-fallback,969,131,812,85,,1
987,1520439691.403646,1,tracking-lost-essential-fallback,970,131,812,43,,1
988,1520439691.4536483,1,tracking-lost-const-vel,971,131,812,,,1
989,1520439691.5036502,1,tracking-lost-const-vel,972,131,812,,,1
990,1520439691.553651,1,tracking-lost-essential-fallback,973,131,812,41,,1
991,1520439691.6036532,1,tracking-lost-essential-fallback,974,131,812,68,,1
992,1520439691.653655,1,tracking-lost-essential-fallback,975,131,812,64,,1
993,1520439691.7036552,1,tracking-lost-essential-fallback,976,131,812,44,,1
994,1520439691.753657,1,tracking-lost-essential-fallback,977,131,812,51,,1
995,1520439691.8037694,1,tracking-lost-essential-fallback,978,131,812,131,,1
996,1520439691.8537714,1,tracking-lost-essential-fallback,979,131,812,74,,1
997,1520439691.9037733,1,tracking-lost-essential-fallback,980,131,812,73,,1
998,1520439691.9537752,1,tracking-lost-essential-fallback,981,131,812,42,,1
999,1520439692.0037763,1,tracking-lost-essential-fallback,982,131,812,82,,1
1000,1520439692.0538664,1,tracking-lost-essential-fallback,983,131,812,48,,1
1001,1520439692.1037793,1,tracking-lost-essential-fallback,984,131,812,79,,1
1002,1520439692.1537814,1,tracking-lost-essential-fallback,985,131,812,101,,1
1003,1520439692.20381,1,tracking-lost-essential-fallback,986,131,812,76,,1
1004,1520439692.2538118,1,tracking-lost-essential-fallback,987,131,812,43,,1
1005,1520439692.3038127,1,tracking-lost-const-vel,988,131,812,,,1
1006,1520439692.3538148,1,tracking-lost-const-vel,989,131,812,,,1
1007,1520439692.4038157,1,tracking-lost-essential-fallback,990,131,812,73,,1
1008,1520439692.4538176,1,tracking-lost-essential-fallback,991,131,812,56,,1
1009,1520439692.5038188,1,tracking-lost-essential-fallback,992,131,812,110,,1
1010,1520439692.5538208,1,tracking-lost-essential-fallback,993,131,812,89,,1
1011,1520439692.6035655,1,tracking-lost-essential-fallback,994,131,812,53,,1
1012,1520439692.6535676,1,tracking-lost-const-vel,995,131,812,,,1
1013,1520439692.7035694,1,tracking-lost-essential-fallback,996,131,812,52,,1
1014,1520439692.7535703,1,tracking-lost-essential-fallback,997,131,812,59,,1
1015,1520439692.8035727,1,tracking-lost-essential-fallback,998,131,812,42,,1
1016,1520439692.8535736,1,tracking-lost-essential-fallback,999,131,812,42,,1
1017,1520439692.9035754,1,tracking-lost-essential-fallback,1000,131,812,65,,1
1018,1520439692.9535766,1,tracking-lost-essential-fallback,1001,131,812,64,,1
1019,1520439693.0035794,1,tracking-lost-essential-fallback,1002,131,812,309,,1
1020,1520439693.0535865,1,tracking-lost-essential-fallback,1003,131,812,58,,1
1021,1520439693.1035874,1,tracking-lost-essential-fallback,1004,131,812,120,,1
1022,1520439693.1535895,1,tracking-lost-const-vel,1005,131,812,,,1
1023,1520439693.2035916,1,tracking-lost-essential-fallback,1006,131,812,52,,1
1024,1520439693.2535925,1,tracking-lost-const-vel,1007,131,812,,,1
1025,1520439693.3035965,1,tracking-lost-const-vel,1008,131,812,,,1
1026,1520439693.3535955,1,tracking-lost-const-vel,1009,131,812,,,1
1027,1520439693.4035964,1,tracking-lost-essential-fallback,1010,131,812,53,,1
1028,1520439693.4536035,1,tracking-lost-essential-fallback,1011,131,812,46,,1
1029,1520439693.5036054,1,tracking-lost-const-vel,1012,131,812,,,1
1030,1520439693.5536063,1,tracking-lost-essential-fallback,1013,131,812,147,,1
1031,1520439693.6036084,1,tracking-lost-essential-fallback,1014,131,812,44,,1
1032,1520439693.6536574,1,tracking-lost-const-vel,1015,131,812,,,1
1033,1520439693.7036111,1,tracking-lost-const-vel,1016,131,812,,,1
1034,1520439693.7536123,1,tracking-lost-const-vel,1017,131,812,,,1
1035,1520439693.8036144,1,tracking-lost-const-vel,1018,131,812,,,1
1036,1520439693.8536432,1,tracking-lost-essential-fallback,1019,131,812,46,,1
1037,1520439693.903644,1,tracking-lost-essential-fallback,1020,131,812,72,,1
1038,1520439693.9536462,1,tracking-lost-essential-fallback,1021,131,812,46,,1
1039,1520439694.003647,1,tracking-lost-const-vel,1022,131,812,,,1
1040,1520439694.053649,1,tracking-lost-essential-fallback,1023,131,812,52,,1
1041,1520439694.10365,1,tracking-lost-essential-fallback,1024,131,812,57,,1
1042,1520439694.153652,1,tracking-lost-essential-fallback,1025,131,812,45,,1
1043,1520439694.2036529,1,tracking-lost-essential-fallback,1026,131,812,54,,1
1044,1520439694.2537289,1,tracking-lost-essential-fallback,1027,131,812,55,,1
1045,1520439694.3037307,1,tracking-lost-essential-fallback,1028,131,812,58,,1
1046,1520439694.3537319,1,tracking-lost-essential-fallback,1029,131,812,112,,1
1047,1520439694.403734,1,tracking-lost-essential-fallback,1030,131,812,79,,1
1048,1520439694.4537346,1,tracking-lost-const-vel,1031,131,812,,,1
1049,1520439694.503737,1,tracking-lost-const-vel,1032,131,812,,,1
1050,1520439694.5537379,1,tracking-lost-const-vel,1033,131,812,,,1
1051,1520439694.6037397,1,tracking-lost-const-vel,1034,131,812,,,1
1052,1520439694.6538475,1,tracking-lost-const-vel,1035,131,812,,,1
1053,1520439694.7038486,1,tracking-lost-const-vel,1036,131,812,,,1
1054,1520439694.7538505,1,tracking-lost-const-vel,1037,131,812,,,1
1055,1520439694.8038523,1,tracking-lost-essential-fallback,1038,131,812,54,,1
1056,1520439694.8538535,1,tracking-lost-const-vel,1039,131,812,,,1
1057,1520439694.9038556,1,tracking-lost-const-vel,1040,131,812,,,1
1058,1520439694.9538574,1,tracking-lost-const-vel,1041,131,812,,,1
1059,1520439695.0038586,1,tracking-lost-essential-fallback,1042,131,812,70,,1
1060,1520439695.053713,1,tracking-lost-essential-fallback,1043,131,812,73,,1
1061,1520439695.103714,1,tracking-lost-essential-fallback,1044,131,812,56,,1
1062,1520439695.153716,1,tracking-lost-essential-fallback,1045,131,812,52,,1
1063,1520439695.203717,1,tracking-lost-const-vel,1046,131,812,,,1
1064,1520439695.253725,1,tracking-lost-const-vel,1047,131,812,,,1
1065,1520439695.30372,1,tracking-lost-const-vel,1048,131,812,,,1
1066,1520439695.353721,1,tracking-lost-const-vel,1049,131,812,,,1
1067,1520439695.403723,1,tracking-lost-const-vel,1050,131,812,,,1
1068,1520439695.453725,1,tracking-lost-essential-fallback,1051,131,812,44,,1
1069,1520439695.5037165,1,tracking-lost-const-vel,1052,131,812,,,1
1070,1520439695.5537183,1,tracking-lost-const-vel,1053,131,812,,,1
1071,1520439695.6037192,1,tracking-lost-const-vel,1054,131,812,,,1
1072,1520439695.6537213,1,tracking-lost-const-vel,1055,131,812,,,1
1073,1520439695.7037222,1,tracking-lost-const-vel,1056,131,812,,,1
1074,1520439695.7537243,1,tracking-lost-const-vel,1057,131,812,,,1
1075,1520439695.8037255,1,tracking-lost-const-vel,1058,131,812,,,1
1076,1520439695.8537273,1,tracking-lost-essential-fallback,1059,131,812,60,,1
1077,1520439695.9038937,1,tracking-lost-essential-fallback,1060,131,812,57,,1
1078,1520439695.9538944,1,tracking-lost-essential-fallback,1061,131,812,43,,1
1079,1520439696.0038965,1,tracking-lost-essential-fallback,1062,131,812,43,,1
1080,1520439696.0538976,1,tracking-lost-essential-fallback,1063,131,812,49,,1
1081,1520439696.1038995,1,tracking-lost-essential-fallback,1064,131,812,42,,1
1082,1520439696.1539004,1,tracking-lost-essential-fallback,1065,131,812,65,,1
1083,1520439696.2039037,1,tracking-lost-const-vel,1066,131,812,,,1
1084,1520439696.2539046,1,tracking-lost-essential-fallback,1067,131,812,40,,1
1085,1520439696.303916,1,tracking-lost-essential-fallback,1068,131,812,46,,1
1086,1520439696.3539178,1,tracking-lost-const-vel,1069,131,812,,,1
1087,1520439696.40392,1,tracking-lost-essential-fallback,1070,131,812,41,,1
1088,1520439696.4539208,1,tracking-lost-essential-fallback,1071,131,812,61,,1
1089,1520439696.5039227,1,tracking-lost-essential-fallback,1072,131,812,42,,1
1090,1520439696.5539238,1,tracking-lost-essential-fallback,1073,131,812,47,,1
1091,1520439696.603926,1,tracking-lost-const-vel,1074,131,812,,,1
1092,1520439696.6539268,1,tracking-lost-essential-fallback,1075,131,812,44,,1
1093,1520439696.7038999,1,tracking-lost-essential-fallback,1076,131,812,102,,1
1094,1520439696.7539027,1,tracking-lost-essential-fallback,1077,131,812,43,,1
1095,1520439696.8039029,1,tracking-lost-const-vel,1078,131,812,,,1
1096,1520439696.8539047,1,tracking-lost-const-vel,1079,131,812,,,1
1097,1520439696.9039056,1,tracking-lost-const-vel,1080,131,812,,,1
1098,1520439696.9539068,1,tracking-lost-essential-fallback,1081,131,812,40,,1
1099,1520439697.0039086,1,tracking-lost-essential-fallback,1082,131,812,42,,1
1100,1520439697.0539107,1,tracking-lost-const-vel,1083,131,812,,,1
1101,1520439697.103821,1,tracking-lost-essential-fallback,1084,131,812,51,,1
1102,1520439697.1538231,1,tracking-lost-const-vel,1085,131,812,,,1
1103,1520439697.2038243,1,tracking-lost-essential-fallback,1086,131,812,55,,1
1104,1520439697.2538261,1,tracking-lost-const-vel,1087,131,812,,,1
1105,1520439697.303827,1,tracking-lost-const-vel,1088,131,812,,,1
1106,1520439697.3538291,1,tracking-lost-essential-fallback,1089,131,812,48,,1
1107,1520439697.40383,1,tracking-lost-essential-fallback,1090,131,812,47,,1
1108,1520439697.4538321,1,tracking-lost-const-vel,1091,131,812,,,1
1109,1520439697.5038342,1,tracking-lost-const-vel,1092,131,812,,,1
1110,1520439697.5539763,1,tracking-lost-const-vel,1093,131,812,,,1
1111,1520439697.6039786,1,tracking-lost-const-vel,1094,131,812,,,1
1112,1520439697.6539805,1,tracking-lost-essential-fallback,1095,131,812,70,,1
1113,1520439697.7039814,1,tracking-lost-essential-fallback,1096,131,812,43,,1
1114,1520439697.7539825,1,tracking-lost-essential-fallback,1097,131,812,98,,1
1115,1520439697.8039844,1,tracking-lost-essential-fallback,1098,131,812,116,,1
1116,1520439697.8539865,1,tracking-lost-const-vel,1099,131,812,,,1
1117,1520439697.9039886,1,tracking-lost-essential-fallback,1100,131,812,57,,1
1118,1520439697.953887,1,tracking-lost-essential-fallback,1101,131,812,47,,1
1119,1520439698.003889,1,tracking-lost-const-vel,1102,131,812,,,1
1120,1520439698.0538902,1,tracking-lost-essential-fallback,1103,131,812,50,,1
1121,1520439698.1038911,1,tracking-lost-const-vel,1104,131,812,,,1
1122,1520439698.153893,1,tracking-lost-const-vel,1105,131,812,,,1
1123,1520439698.203895,1,tracking-lost-const-vel,1106,131,812,,,1
1124,1520439698.253896,1,tracking-lost-essential-fallback,1107,131,812,65,,1
1125,1520439698.303898,1,tracking-lost-essential-fallback,1108,131,812,88,,1
1126,1520439698.3537967,1,tracking-lost-essential-fallback,1109,131,812,83,,1
1127,1520439698.4037988,1,tracking-lost-essential-fallback,1110,131,812,46,,1
1128,1520439698.4537988,1,tracking-lost-essential-fallback,1111,131,812,53,,1
1129,1520439698.5038848,1,tracking-lost-const-vel,1112,131,812,,,1
1130,1520439698.5538018,1,tracking-lost-essential-fallback,1113,131,812,57,,1
1131,1520439698.6038036,1,tracking-lost-essential-fallback,1114,131,812,88,,1
1132,1520439698.6538057,1,tracking-lost-essential-fallback,1115,131,812,78,,1
1133,1520439698.7038069,1,tracking-lost-essential-fallback,1116,131,812,97,,1
1134,1520439698.7538664,1,tracking-lost-essential-fallback,1117,131,812,65,,1
1135,1520439698.8038673,1,tracking-lost-essential-fallback,1118,131,812,69,,1
1136,1520439698.8538694,1,tracking-lost-essential-fallback,1119,131,812,48,,1
1137,1520439698.9038703,1,tracking-lost-essential-fallback,1120,131,812,74,,1
1138,1520439698.9538722,1,tracking-lost-essential-fallback,1121,131,812,65,,1
1139,1520439699.0038733,1,tracking-lost-essential-fallback,1122,131,812,162,,1
1140,1520439699.0538752,1,tracking-lost-essential-fallback,1123,131,812,65,,1
1141,1520439699.1038773,1,tracking-lost-essential-fallback,1124,131,812,116,,1
1142,1520439699.1540265,1,tracking-lost-essential-fallback,1125,131,812,142,,1
1143,1520439699.2040286,1,tracking-lost-essential-fallback,1126,131,812,151,,1
1144,1520439699.2540295,1,tracking-lost-essential-fallback,1127,131,812,177,,1
1145,1520439699.3040316,1,tracking-lost-essential-fallback,1128,131,812,202,,1
1146,1520439699.3540325,1,tracking-lost-essential-fallback,1129,131,812,203,,1
1147,1520439699.4040344,1,tracking-lost-essential-fallback,1130,131,812,224,,1
1148,1520439699.4540365,1,tracking-lost-essential-fallback,1131,131,812,167,,1
1149,1520439699.5040386,1,tracking-lost-essential-fallback,1132,131,812,178,,1
1150,1520439699.5541532,1,tracking-lost-essential-fallback,1133,131,812,209,,1
1151,1520439699.6041555,1,tracking-lost-essential-fallback,1134,131,812,163,,1
1152,1520439699.6541564,1,tracking-lost-essential-fallback,1135,131,812,196,,1
1153,1520439699.7041585,1,tracking-lost-essential-fallback,1136,131,812,145,,1
1154,1520439699.7541595,1,tracking-lost-essential-fallback,1137,131,812,192,,1
1155,1520439699.8041604,1,tracking-lost-essential-fallback,1138,131,812,190,,1
1156,1520439699.8541625,1,tracking-lost-essential-fallback,1139,131,812,224,,1
1157,1520439699.9041646,1,tracking-lost-essential-fallback,1140,131,812,146,,1
1158,1520439699.9541655,1,tracking-lost-essential-fallback,1141,131,812,169,,1
1159,1520439700.0042315,1,tracking-lost-essential-fallback,1142,131,812,95,,1
1160,1520439700.0542336,1,tracking-lost-essential-fallback,1143,131,812,159,,1
1161,1520439700.1042764,1,tracking-lost-essential-fallback,1144,131,812,154,,1
1162,1520439700.1542356,1,tracking-lost-essential-fallback,1145,131,812,162,,1
1163,1520439700.2042375,1,tracking-lost-essential-fallback,1146,131,812,204,,1
1164,1520439700.2542393,1,tracking-lost-essential-fallback,1147,131,812,178,,1
1165,1520439700.3042405,1,tracking-lost-essential-fallback,1148,131,812,151,,1
1166,1520439700.3542423,1,tracking-lost-essential-fallback,1149,131,812,150,,1
1167,1520439700.404344,1,tracking-lost-essential-fallback,1150,131,812,170,,1
1168,1520439700.4543462,1,tracking-lost-essential-fallback,1151,131,812,173,,1
1169,1520439700.504347,1,tracking-lost-essential-fallback,1152,131,812,158,,1
1170,1520439700.5543492,1,tracking-lost-essential-fallback,1153,131,812,151,,1
1171,1520439700.60435,1,tracking-lost-essential-fallback,1154,131,812,163,,1
1172,1520439700.654352,1,tracking-lost-essential-fallback,1155,131,812,168,,1
1173,1520439700.704354,1,tracking-lost-essential-fallback,1156,131,812,97,,1
1174,1520439700.754355,1,tracking-lost-essential-fallback,1157,131,812,107,,1
1175,1520439700.8047624,1,tracking-lost-essential-fallback,1158,131,812,79,,1
1176,1520439700.8547633,1,tracking-lost-essential-fallback,1159,131,812,134,,1
1177,1520439700.9047656,1,tracking-lost-essential-fallback,1160,131,812,108,,1
1178,1520439700.9547665,1,tracking-lost-essential-fallback,1161,131,812,123,,1
1179,1520439701.0047684,1,tracking-lost-essential-fallback,1162,131,812,91,,1
1180,1520439701.0547705,1,tracking-lost-essential-fallback,1163,131,812,102,,1
1181,1520439701.1047714,1,tracking-lost-essential-fallback,1164,131,812,101,,1
1182,1520439701.1547744,1,tracking-lost-essential-fallback,1165,131,812,106,,1
1183,1520439701.20538,1,tracking-lost-essential-fallback,1166,131,812,97,,1
1184,1520439701.2553809,1,tracking-lost-essential-fallback,1167,131,812,94,,1
1185,1520439701.3053827,1,tracking-lost-essential-fallback,1168,131,812,100,,1
1186,1520439701.3553839,1,tracking-lost-essential-fallback,1169,131,812,115,,1
1187,1520439701.4053857,1,tracking-lost-essential-fallback,1170,131,812,91,,1
1188,1520439701.4553866,1,tracking-lost-essential-fallback,1171,131,812,76,,1
1189,1520439701.505389,1,tracking-lost-essential-fallback,1172,131,812,70,,1
1190,1520439701.5553908,1,tracking-lost-essential-fallback,1173,131,812,65,,1
1191,1520439701.6057212,1,tracking-lost-essential-fallback,1174,131,812,49,,1
1192,1520439701.6557224,1,tracking-lost-const-vel,1175,131,812,,,1
1193,1520439701.7057242,1,tracking-lost-const-vel,1176,131,812,,,1
1194,1520439701.7557251,1,tracking-lost-const-vel,1177,131,812,,,1
1195,1520439701.8057272,1,tracking-lost-const-vel,1178,131,812,,,1
1196,1520439701.8557293,1,tracking-lost-const-vel,1179,131,812,,,1
1197,1520439701.9057302,1,tracking-lost-const-vel,1180,131,812,,,1
1198,1520439701.9557323,1,tracking-lost-const-vel,1181,131,812,,,1
1199,1520439702.0057333,1,tracking-lost-essential-fallback,1182,131,812,41,,1
1200,1520439702.0562837,1,tracking-lost-const-vel,1183,131,812,,,1
1201,1520439702.1062849,1,tracking-lost-const-vel,1184,131,812,,,1
1202,1520439702.1562867,1,tracking-lost-essential-fallback,1185,131,812,51,,1
1203,1520439702.2062876,1,tracking-lost-essential-fallback,1186,131,812,49,,1
1204,1520439702.25629,1,tracking-lost-const-vel,1187,131,812,,,1
1205,1520439702.3062918,1,tracking-lost-essential-fallback,1188,131,812,55,,1
1206,1520439702.3562927,1,tracking-lost-const-vel,1189,131,812,,,1
1207,1520439702.4062948,1,tracking-lost-const-vel,1190,131,812,,,1
1208,1520439702.4595585,1,tracking-lost-const-vel,1191,131,812,,,1
1209,1520439702.5095603,1,tracking-lost-const-vel,1192,131,812,,,1
1210,1520439702.5595624,1,tracking-lost-const-vel,1193,131,812,,,1
1211,1520439702.6095636,1,tracking-lost-const-vel,1194,131,812,,,1
1212,1520439702.6595654,1,tracking-lost-const-vel,1195,131,812,,,1
1213,1520439702.7095664,1,tracking-lost-const-vel,1196,131,812,,,1
1214,1520439702.7595694,1,tracking-lost-const-vel,1197,131,812,,,1
1215,1520439702.8095703,1,tracking-lost-const-vel,1198,131,812,,,1
